name_of_space,address,hausprojekt,date_founded,co_housing,hackerspace_tech_meetup,tool_share,woodshop_metalshop_ceramic_studio,women_trans_queer_space_events,arts_space,guest_room,classes_workshops,free_store,coworking,volxkuchen,health_sport_services,agriculture,wagenplatz,child_friendly,silkscreen_studio,medienwerkstatt,sewing_workshop,film_video_collective_resources,kino,archive_reading_room,bike_workshop,cafe_bar,music_venue_parties,date_purchased_contract,website,video,stammtisch,immigrant_initiatives_events,community_youth_center,food_share_coop,barter_spende_free_economy,legal_services,infoshop,language_class,poster_text_distribution,soli_events_infrastructure,open_hours,flomarkt,offenes_plenum,cooperative_business,green_energy_infrastructure,metal_shop,photo_lab,ceramic_studio,photo_url,freiflache,created_at,updated_at,cartodb_georef_status,longitude,latitude,the_geom,cartodb_id,the_geom_webmercator,needs_moderation,printid
Abstand,"Rigaerstr. 78, 10247 Berlin",Yes (?),,No,No,No,No,No,No,No,No,No,No,"Yes, Mo 20:00",No,No,No,No,No,No,No,No,"Yes, Mo 20:00",No,No,Yes (?),Yes (?),,http://www.tommyhaus.org/abc,No,No,No,No,No,Yes,No,No,No,No,,,,,,,,,,,,2013-02-11 19:11:31+00,2013-03-11 16:45:30.817154+00,1,13.46418,52.51667,0101000020E610000021EA3E00A9ED2A408369183E22424A40,209,0101000020110F000016465BA9C9DE36416B696AA7824C5A41,,1
Ackerkeller,"Bergstr. 68, 10115 Berlin",Yes (?),,No,No,No,No,Yes,No,No,No,No,No,No,No,No,No,No,No,No,No,No,No,No,No,No,Yes,,http://www.ackerkeller.de/,No,Yes,No,No,No,Yes,No,No,No,No,,,,,,,,,,,,2013-02-11 19:11:31+00,2013-03-11 16:45:30.817154+00,1,13.39417,52.53156,0101000020E6100000EF2076A6D0C92A404EEE77280A444A40,71,0101000020110F000048871A2F58C0364182187DBB2B4F5A41,,2
Ackerstr. 18,Ackerstr. 18  Berlin Mitte,Yes,Besetzt: 1988,No,No,No,No,No,No,No,No,No,No,No,No,No,No,No,No,No,No,No,No,No,No,No,No,1992 legalisiert,,,,,,,,,,,,,,,,,,,,,,,2013-02-11 19:11:31+00,2013-03-11 16:45:30.817154+00,1,13.3967,52.5314,0101000020E61000007AA52C431CCB2A40158C4AEA04444A40,28,0101000020110F0000ACEC82D271C136418F18A369244F5A41,,3
Adalbertstr. 22,Adalbertstr. 22  10997 Berlin Kreuzberg,Yes,Besetzt: 2.4.1981,No,No,No,No,No,No,No,No,No,No,No,No,No,No,No,No,No,No,No,No,No,No,No,No,,,No,No,No,No,No,Yes,No,No,No,,,,,,,,,,,,,2013-02-11 19:11:31+00,2013-03-11 16:45:30.817154+00,1,13.42064,52.50287,0101000020E610000065C746205ED72A40DC114E0B5E404A40,25,0101000020110F0000487198CFDACB3641A7BC90A30B4A5A41,,4
Adalbertstr. 25,Adalbertstr. 25  Berlin Mitte,Yes,Besetzt: 8.3.1990,No,No,No,No,No,No,No,No,No,No,No,No,No,No,No,No,No,No,No,No,No,No,No,No,,,No,No,No,No,No,No,No,No,,,,,,,,,,,,,,2013-02-11 19:11:31+00,2013-03-11 16:45:30.817154+00,1,13.42272,52.50577,0101000020E6100000F1BA7EC16ED82A4022A64412BD404A40,49,0101000020110F0000C178FF5AC2CC3641FBDD223A904A5A41,,5
Adalbertstr. 26,Adalbertstr. 26  Berlin Mitte,Yes,Besetzt: 8.3.1990,No,No,No,No,No,No,No,No,No,No,No,No,No,No,No,No,No,No,No,No,No,No,No,No,,,No,No,No,No,No,No,No,No,,,,,,,,,,,,,,2013-02-11 19:11:31+00,2013-03-11 16:45:30.817154+00,1,13.42277,52.50586,0101000020E6100000B875374F75D82A40622D3E05C0404A40,48,0101000020110F0000D82DE3EBC7CC36416AE98F57944A5A41,,6
Adalbertstr. 27,Adalbertstr. 27  Berlin Mitte,Yes,Besetzt: 1990,No,No,No,No,No,No,No,No,No,No,No,No,No,No,No,No,No,No,No,No,No,No,No,No,,,No,No,No,No,No,Yes,No,No,,,,,,,,,,,,,,2013-02-11 19:11:31+00,2013-03-11 16:45:30.817154+00,1,13.42283,52.50596,0101000020E61000000D897B2C7DD82A40C68A1A4CC3404A40,47,0101000020110F0000623AC199CECC364158B809EA984A5A41,,7
Adalbertstr. 32,Adalbertstr. 32  Berlin Mitte,Yes,Besetzt: 21.3.1990,No,No,No,No,No,No,No,No,No,No,No,No,No,No,No,No,No,No,No,No,No,No,No,No,,,No,No,No,No,No,No,No,No,,,,,,,,,,,,,,2013-02-11 19:11:31+00,2013-03-11 16:45:30.817154+00,1,13.42325,52.50653,0101000020E610000062105839B4D82A40B0389CF9D5404A40,59,0101000020110F00000E92D35AFDCC3641820BCDF9B24A5A41,,8
Adalbertstr. 71,Adalbertstr. 71  10997 Berlin Kreuzberg,Yes,Besetzt: 2.10.1981,No,No,No,No,No,No,No,No,No,No,No,No,No,No,No,No,No,No,No,No,No,No,No,No,,,No,No,No,No,No,Yes,No,No,,,,,,,,,,,,,,2013-02-11 19:11:31+00,2013-03-11 16:45:30.817154+00,1,13.42131,52.50438,0101000020E61000009DF4BEF1B5D72A40D4601A868F404A40,51,0101000020110F000075521D6525CC364191D9D4AC504A5A41,,9
Adalbertstr. 74,Adalbertstr. 74 10997 Berlin Kreuzberg,Yes,Besetzt: 12.1.1981,No,No,No,No,No,No,No,No,No,No,No,No,No,No,No,No,No,No,No,No,No,No,No,No,,,No,No,No,No,No,Yes,No,No,,,,,,,,,,,,,,2013-02-11 19:11:31+00,2013-03-11 16:45:30.817154+00,1,13.41799,52.49928,0101000020E61000002E1C08C902D62A4000C63368E83F4A40,50,0101000020110F0000DCF273D0B3CA36418FE81A8467495A41,,10
Adalbertstr. 83,Adalbertstr. 83  10997 Berlin Kreuzberg,Yes,Besetzt: 16.2.1981,No,No,No,No,No,No,No,No,No,No,No,No,No,No,No,No,No,No,No,No,No,No,No,No,,,No,No,No,No,No,Yes,No,No,No,,,,,,,,,,,,,2013-02-11 19:11:31+00,2013-03-11 16:45:30.817154+00,1,13.42004,52.50259,0101000020E610000010069E7B0FD72A40F8A57EDE54404A40,24,0101000020110F000016F4EB0498CB3641C45D78D6FE495A41,,11
Admiralstr. 18,Admiralstr. 18  10999 Berlin Kreuzberg,Yes,Besetzt: 17.3.1981,No,No,No,No,No,No,No,No,No,No,No,No,No,No,No,No,No,No,No,No,No,No,No,No,,,No,No,No,No,No,Yes,No,No,No,,,,,,,,,,,,,2013-02-11 19:11:31+00,2013-03-11 16:45:30.817154+00,1,13.41534,52.49595,0101000020E6100000F870C971A7D42A40C139234A7B3F4A40,68,0101000020110F000071744FD18CC93641083C9D4ACF485A41,,12
Admiralstr. 20 “Dietmar-Marx Haus”,Admiralstr. 20  10999 Berlin Kreuzberg,Yes,Besetzt: 24.10.1980,No,No,No,No,No,No,No,No,No,No,No,No,No,No,No,No,No,No,No,No,No,No,No,No,,,,,,,,,,,,,,,,,,,,,,,,2013-02-11 19:11:31+00,2013-03-11 16:45:30.817154+00,1,13.4156,52.49574,0101000020E6100000696FF085C9D42A40D6A88768743F4A40,56,0101000020110F00006555BCC2A9C93641397B2DB1C5485A41,,13
A-Laden,Brunnenstr. 7 10119 Berlin,No,,No,No,No,No,No,No,No,No,No,No,No,No,No,No,No,No,No,No,No,No,Yes,No,No,No,,http://www.a-laden.org/,No,Yes,No,No,No,Yes,No,"Yes, (Anarchistisch) Do 18:00-22:00",No,Yes (?),,,,,,,,,,,,2013-02-11 19:11:31+00,2013-03-11 16:45:30.817154+00,1,13.400386,52.530772,0101000020E6100000718DCF64FFCC2A40F6D03E56F0434A40,208,0101000020110F000041325D250CC3364171F0D5AE074F5A41,,14
Am Ostseeplatz (Kreuzberg),"Adalbertstraße 82
10997 Berlin",No,,Yes,No,No,No,No,No,No,No,No,No,No,No,No,No,Yes,No,No,No,No,No,No,No,No,No,,http://www.am-ostseeplatz.de/wir.html,https://www.youtube.com/watch?v=EnQP_PvT78Q,No,No,No,No,Yes,No,No,No,No,No,,No,No,No,No,No,No,No,http://www.am-ostseeplatz.de/bilder/KB01.jpg,No,2013-02-11 19:11:31+00,2013-03-11 16:45:30.817154+00,1,13.42012,52.50271,0101000020E610000082CAF8F719D72A40A3AF20CD58404A40,200,0101000020110F00006DAFBEECA0CB3641EEDEEF52044A5A41,,15
Am Ostseeplatz (Prenzlauerberg),"Hosemannstraße 16
10409 Berlin",,,,No,No,No,No,No,No,No,No,No,No,No,No,No,Yes,No,No,No,No,No,No,No,No,No,,http://www.am-ostseeplatz.de/wir.html,https://www.youtube.com/watch?v=EnQP_PvT78Q,No,No,No,No,Yes,No,No,No,No,No,,No,No,No,No,No,No,No,,No,2013-02-11 19:11:31+00,2013-03-11 16:45:30.817154+00,1,13.43849,52.54639,0101000020E6100000FF3EE3C281E02A40446E861BF0454A40,199,0101000020110F0000E4FE23DD9DD336419FBAC14BD2515A41,,16
Anarchist Black Cross,"Wilhelmstr. 9, 10963 Berlin",yes,,No,No,No,No,No,No,No,No,No,No,No,No,No,No,No,No,No,No,No,No,No,No,No,No,,,No,No,No,No,No,Yes,Yes,Yes (?),No,No (?),,,,,,,,,,,,2013-02-11 19:11:31+00,2013-03-11 16:45:30.817154+00,1,13.38887,52.50144,0101000020E610000082CAF8F719C72A400074982F2F404A40,152,0101000020110F0000648AD1300ABE364172E23043CA495A41,,17
Anti-Diskriminierungsbüro (ADB) Berlin e.V.,"Greifswalder Str. 4, 10405 Berlin",No,,No,No,No,No,Yes,No,No,No,No,No,No,No,No,No,No,No,No,No,No,No,No,No,No,No,,http://www.paritaet.org/via/member/adb-berlin.htm,No,No,Yes ,Yes,No,Yes,Yes,No,No,No,,,,,,,,,,,,2013-02-11 19:11:31+00,2013-03-11 16:45:30.817154+00,1,13.42509,52.52887,0101000020E61000009AB67F65A5D92A40F2EA1C03B2434A40,72,0101000020110F00006C67C22ECACD36418A4844ACB04E5A41,,18
Anti-Quariat (Stresfaktor Headquarters),"Oranienstr. 45, 10999 Berlin",No,,No,No,No,No,No,No,No,No,No,No,No,No,No,No,No,No,No,No,No,No,No,No,No,No,,http://www.anti-quariat.de/,No,No,No,No,No,No,No,No,No,Yes,,,,,,,,,,,,2013-02-11 19:11:31+00,2013-03-11 16:45:30.817154+00,1,13.41929,52.50128,0101000020E61000006614CB2DADD62A40C7116BF129404A40,73,0101000020110F00008657948744CB3641B79C9FF2C2495A41,,19
apabiz,"Lausitzerstr. 10, 10999 Berlin",No,,No,No,No,No,No,No,No,No,No,No,No,No,No,No,No,No,No,No,No,No,Yes,No,No,No,,http://www.apabiz.de/,No,No,No,No,No,No,No,No,No,No,,,,,,,,,,,,2013-02-11 19:11:31+00,2013-03-11 16:45:30.817154+00,1,13.42863,52.49737,0101000020E6100000412B306475DB2A407901F6D1A93F4A40,74,0101000020110F0000484AEF4054CF36413DBFDF3310495A41,,20
Arndtstr. 14,Arndtstr. 14  10965 Berlin Kreuzberg,Yes,Besetzt: 3.3.1981,No,No,No,No,No,No,No,No,No,No,No,No,No,No,No,No,No,No,No,No,No,No,No,No,Mietvertrag/Nutzungsvertrag 13.07.1982,,,,,,,,,,,,,,,,,,,,,,,2013-02-11 19:11:31+00,2013-03-11 16:45:30.817154+00,1,13.39207,52.48862,0101000020E6100000467C2766BDC82A40F415A4198B3E4A40,43,0101000020110F0000F6D0BE696EBF3641F016524180475A41,,21
Ausland,Lychener Str. 60  Berlin Prenzlauer Berg,Yes,Besetzt: 1990,No,No,No,No,No,Yes ,No,Yes,No,No,No,No,No,No,No,No,No,No,No,No,No,No,No,Yes,,http://www.ausland-berlin.de/,,Yes,,,,,,,,,,,,,,,,,,,,2013-02-11 19:11:31+00,2013-03-11 16:45:30.817154+00,1,13.41959,52.54481,0101000020E610000010751F80D4D62A4052448655BC454A40,37,0101000020110F00001F96EAEC65CB36417D3685FD89515A41,,22
Autofocus ,"Lausitzerstr. 10, 10999 Berlin",No,,No,No,No,No,No,No,No,No,No,No,No,No,No,No,No,No,No,No,Yes,No,Yes,No,No,No,,http://www.videowerkstatt.de/,No,No,No,No,No,No,No,No,No,No,,,,,,,,,,,,2013-02-11 19:11:31+00,2013-03-11 16:45:30.817154+00,1,13.42863,52.49737,0101000020E6100000412B306475DB2A407901F6D1A93F4A40,75,0101000020110F0000484AEF4054CF36413DBFDF3310495A41,,23
Babylonia,"Cuvrystr. 20-23, 10999 Berlin",No,Besetzt 1980,No,No,No,No,No,Yes ,No,Yes,No,No,No,No,No,No,No,No,No,No,No,No,No,No,No,No,31.12.2012 contract fixed ,http://www.babylonia.de/,No,Yes,Yes ,No,No,No,Yes,No,Yes,No,,,,,,,,,,,,2013-02-11 19:11:31+00,2013-03-11 16:45:30.817154+00,1,13.443597,52.497324,0101000020E61000001A355F251FE32A4009C21550A83F4A40,76,0101000020110F000051315A5FD6D53641405C8F190E495A41,,24
Baiz,Christinenstr. 1 10119 Berlin,Yes (?),,No,No,No,No,No,Yes ,No,No,No,No,No,No,No,No,No,No,No,No,No,"Yes, So 20:00 ",No,No,Yes,Yes,,www.baiz.info,No,Yes,No,No,No,Yes,No,No,No,No,,,,,,,,,,,,2013-02-11 19:11:31+00,2013-03-11 16:45:30.817154+00,1,13.407297,52.529417,0101000020E610000090847D3B89D02A402579AEEFC3434A40,77,0101000020110F0000F39896790DC636415EEB27B2C94E5A41,,25
Bandito Rosso,Lottum Str. 10A  Berlin Prenzlauer Berg,Yes,Besetzt: 1.1990,No,No,No,No,No,No,No,No,No,No,"Yes, 2.+4. Fr 20:00 (vegan/manchmal auch Fleisch), 1. So im Monat: 11:00 veganer Brunch, So 19:30  Tatort-Café",No,No,No,No,No,No,No,No,"Yes, Mi 21:00, 2.+4. Do 21:00 ",No,No,**,**,,http://bandito.blogsport.de/,,"Yes, ** check back on website",,,,,,,,,,,,,,,,,,,,2013-02-11 19:11:31+00,2013-03-11 16:45:30.817154+00,1,13.41451,52.55458,0101000020E6100000DCBA9BA73AD42A400282397AFC464A40,30,0101000020110F00008B1C256C30C93641FD53112349535A41,,26
Baobab,"Christburgerstr. 38, 10405 Berlin",No,,No,No,No,No,No,No,No,No,No,No,No,No,No,No,Yes,No,No,No,No,"Yes, Fr 19:00 ",No,No,No,No,,http://www.baobab-infoladen.de/,No,Yes,No,Yes,yes (fair trade),Yes ,Yes,Yes,No,No,,,,,,,,,,,,2013-02-11 19:11:31+00,2013-03-11 16:45:30.817154+00,1,13.42657,52.53607,0101000020E6100000D1E80E6267DA2A40F12E17F19D444A40,78,0101000020110F0000A7F17CEF6ECE36418AFF7C11FA4F5A41,,27
Bauhof,Manteuffelstr. 40/41  10999 Berlin Kreuzberg,Yes,Besetzt: 10.2.1981,No,No,No,No,No,No,No,No,No,No,No,No,No,No,No,No,No,No,No,No,No,No,No,No,,,No,No,No,No,No,Yes,No,No,No,,,,,,,,,,,,,2013-02-11 19:11:31+00,2013-03-11 16:45:30.817154+00,1,13.42326,52.4957,0101000020E6100000F168E388B5D82A404850FC18733F4A40,113,0101000020110F000075E9CD77FECC3641208918DDC3485A41,,28
Bauwagenplatz am Kinderbauernhof,"Adalbertstrasse, 10999 Berlin",No,,No,No,No,No,No,No,No,"Yes, So 14:00 Komposttoilette",No,No,No,No,No,Yes,No,No,No,No,No,"Yes, in summer",No,No,No,No,,,No,No,No,No,No,Yes,No,No,No,No,,,,,,,,,,,,2013-02-11 19:11:31+00,2013-03-11 16:45:30.817154+00,1,13.41799,52.49928,0101000020E61000002E1C08C902D62A4000C63368E83F4A40,70,0101000020110F0000DCF273D0B3CA36418FE81A8467495A41,,29
B_books,"Lübbener Str. 14, 10997 Berlin",No,,No,No,No,No,No,No,No,No,No,No,No,No,No,No,No,No,No,No,Yes,No,Yes,No,No,No,,http://www.b-books.de/,No,"Yes, 20:00",No,No,No,Yes,No,No,No,No,,,,,,,,,,,,2013-02-11 19:11:31+00,2013-03-11 16:45:30.817154+00,1,13.43801,52.49966,0101000020E610000055A4C2D842E02A40478FDFDBF43F4A40,81,0101000020110F0000AE9A336E68D3364198FC42E378495A41,,30
Bei Renate,Tucholskystraße 32  Berlin Mitte,Yes,Besetzt: 1.1.1990,No,No,No,No,No,No,No,"Yes, comic book making, Do: 16:30",No,No,No,No,No,No,Yes,No,No,No,No,No,Yes,No,No,No,,http://www.renatecomics.de/sites/kurse.htm,,"Yes,  jeden letzten Fr im Monat ab 21:00",,,,,,,,,,,,,,,,,,,,2013-02-11 19:11:31+00,2013-03-11 16:45:30.817154+00,1,13.39375,52.52619,0101000020E61000009A99999999C92A40BABDA4315A434A40,201,0101000020110F00009B2F086E29C03641BD6E1314364E5A41,,31
Beta Haus,"Prinzessinnenstraße 19-20
10969 Berlin ",No,,No,Yes,Yes,"Yes, wood shop, digital tools, fab lab",No,"Yes, Open Design City and ",No,No,No,Yes,No,No,No,No,No,No,No,No,No,No,No,No,Yes,Yes,,http://betahaus.de/,"https://vimeo.com/53631685, https://vimeo.com/49594458, https://vimeo.com/58138657",No,No,No,No,Yes,No,No,No,No,No,,No,No,Yes,No,,,,,,2013-02-11 19:11:31+00,2013-03-11 16:45:30.817154+00,1,13.38887,52.38671,0101000020E610000082CAF8F719C72A40A18499B67F314A40,171,0101000020110F0000648AD1300ABE3641E9B702F953355A41,,32
Bibliothek der Freien,"Greifswalder Str. 4, 2. Hof, Raum 1102, 10405 Berlin",No,,No,No,No,No,No,No,No,No,No,No,No,No,No,No,No,No,No,No,No,No,Yes,No,No,No,,http://www.bibliothekderfreien.de/,No,No,No,No,No,No,No,No,No,No,,,,,,,,,,,,2013-02-11 19:11:31+00,2013-03-11 16:45:30.817154+00,1,13.42509,52.52887,0101000020E61000009AB67F65A5D92A40F2EA1C03B2434A40,79,0101000020110F00006C67C22ECACD36418A4844ACB04E5A41,,33
Bödi 9,Bödikerstraße 9 10245 Berlin ,Yes,Besetzt 1994,No,No,No,No,No,,No,No,Yes,No,"Yes, Mo 20:00",No,No,No,No,No,No,No,No,No,No,Yes,No,No,,http://www.bodi9.org/,https://vimeo.com/54790441,No,No,No,No,Yes,No,No,No,No,"Yes, solivokü","The last Saturday of the month from 15-17:00, donations on Sunday 11:30-12:30, or by appointment: Tel: 030/206 44 653  ",,,,,,,,,,2013-02-11 19:11:31+00,2013-03-11 16:45:30.817154+00,1,13.46376,52.5,0101000020E6100000CC6262F371ED2A400000000000404A40,157,0101000020110F000075EE48E89ADE36415D3D546E88495A41,,34
Braunschweigestraße 53-55 **,Braunschweigestraße 53-55 12055,Yes,,No,No,No,No,No,No,No,No,No,No,No,No,No,No,No,No,No,No,No,No,No,No,No,No,,No ,No,No,No,No,No,Yes,No,No,No,No,No,,No,No,No,No,No,No,No,,,2013-02-11 19:11:31+00,2013-03-11 16:45:30.817154+00,1,13.446459,52.470949,0101000020E61000007E02284696E42A40BD8A8C0E483C4A40,195,0101000020110F0000D9B906F814D73641D58B60C958445A41,,35
Buchhandlung,Tucholskystraße 30  Berlin Mitte,Yes,Besetzt: 1990,No,No,No,No,No,No,No,No,No,No,No,No,No,No,No,No,No,No,No,No,No,No,Yes,no,,,,"Yes, Di: 22:00",,,,,,,,,,,,,,,,,,,,2013-02-11 19:11:31+00,2013-03-11 16:45:30.817154+00,1,13.39368,52.52605,0101000020E6100000B62DCA6C90C92A40C8073D9B55434A40,23,0101000020110F0000ABCB2FA321C036410AE8A7AC2F4E5A41,,36
Bülowstr. 52,Bülowstr. 52  Berlin Schöneberg 10783,Yes,Besetzt: 1.1.1981,No,No,No,No,No,No,No,No,No,No,No,No,No,No,No,No,No,No,No,No,No,No,No,No,,,,,,,,,,,,,,,,,,,,,,,,2013-02-11 19:11:31+00,2013-03-11 16:45:30.817154+00,1,13.36715,52.49443,0101000020E6100000EB73B515FBBB2A40A514747B493F4A40,16,0101000020110F000021D5D35498B43641B52EB8CF89485A41,,37
Bunte Kuh,"Bernkastelerstr. 78, 13088 Berlin",No,,No,No,No,No,No,No,No,Yes,No,No,No,"Yes, (self defense)",No,No,No,No,No,No,No,No,No,"Yes, Do, vorher anmelden","Yes, Do 19:00",No,,http://www.buntekuhverein.de/,No,Yes,Yes ,Yes,No,Yes,No,No,No,No,,,,,,,,,,,,2013-02-11 19:11:31+00,2013-03-11 16:45:30.817154+00,1,13.46993,52.55704,0101000020E61000008DD13AAA9AF02A402C4833164D474A40,80,0101000020110F0000E4A0A5BF49E13641763E82BDB9535A41,,38
Café Bohne,"Nordbahnstr. 14, 13409 Berlin",No,,No,No,No,No,No,No,No,No,No,No,No,No,No,No,No,No,No,No,No,No,No,No,"Yes, jeden 1. Fr im Monat Infoabend",No,,,No,No,No,Yes,No,Yes,No,No,No,No,,,,,,,,,,,,2013-02-11 19:11:31+00,2013-03-11 16:45:30.817154+00,1,13.376942,52.572025,0101000020E610000048FAB48AFEC02A4048BF7D1D38494A40,153,0101000020110F00000E042F5FDAB8364192A4A3CB67565A41,,39
Café Cralle,"Hochstädterstr. 10a, 13347 Berlin",No,Founded 1978,No,No,No,No,Yes,Yes ,No,Yes,No,Yes* free internet,"Yes, So 19:00-24:00",No,No,No,No,No,No,No,No,Yes,Yes,No,Yes,Yes,,http://cafecralle.wordpress.com/,No,Yes,No,No,No,Yes,No,No,Yes,No,,,,,,,,,,,,2013-02-11 19:11:31+00,2013-03-11 16:45:30.817154+00,1,13.36341,52.55057,0101000020E6100000271422E010BA2A405114E81379464A40,82,0101000020110F0000DC1D18FFF7B236417CDD169991525A41,,40
Café Morgenrot,"Kastanienallee 85, 10435 Berlin",Yes ,,No,No,No,No,No,No,No,No,No,No,"Yes, Fr-So 11:00-15:00 vegan-vegetarisches Frühstücksbuffet ",No,No,No,No,No,No,No,No,No,No,No,Yes,No,,http://www.cafe-morgenrot.de/,No,No,No,No,No,No,No,No,No,No,,,,,,,,,,,,2013-02-11 19:11:31+00,2013-03-11 16:45:30.817154+00,1,13.40892,52.53754,0101000020E6100000535C55F65DD12A405B25581CCE444A40,83,0101000020110F000081388025C2C636415B6096533D505A41,,41
c-base,Rungestrasse 20 10179 berlin ,No,1995,,Yes,No,No,No,No,No,"Yes, 2 Donnerst.i.Monat Lockpickingworcshop ",No,No,No ,No,No,No,No,No,No,No,No,No,No,No,No,No,,http://www.c-base.org/cv50f/,http://www.youtube.com/embed/NDC7tZv9E6M,"Yes, So 19.00 Wikipedia, 1 So im Monat, 18.00 CCC Hoerer, Mo 19.00 3D, Mo 20.00 Cam , Mi 20.00 Waveloeten , 2 Mittw.i.Mon.Ubuntu Stammtisch, letzter Mittw.im Monat Android Stammtisch, c-lounge & GO Session, 2,4 Donnerst.i.Monat Lisp Stammtisch, Fr 21:00 Youtube, Fr 19:00 Robolab, 1 Fr im Monat 20.00 Neumembertag,    ",No,No,No,Yes,No,No,No,No,No,,No,No,,No,,,,,,2013-02-11 19:11:31+00,2013-05-21 12:45:57.608305+00,1,13.419836,52.512268,0101000020E6100000EE5D83BEF4D62A40C76471FF91414A40,174,0101000020110F000014635F4F81CB364181EE0859B94B5A41,,42
Checkpoint Scharni,Scharnweber Str.29  Berlin Friedrichshain,Yes,Besetzt: 1990,No,No,No,No,No,No,No,No,No,No,Yes,No,No,No,No,No,No,No,No,No,No,No,No,No,,http://scharni29.blogsport.de/,No,No,No,No,No,No ,No,No,No,No,No,,No,,,,,,,,,2013-02-11 19:11:31+00,2013-03-11 16:45:30.817154+00,1,13.46353,52.51319,0101000020E6100000056EDDCD53ED2A402F51BD35B0414A40,161,0101000020110F0000C113CB4D81DE364122157F82E34B5A41,,43
Christstr. 42,Christstr. 42  Berlin Charlottenburg 14059,Yes,Besetzt: 22.2.1981,No,No,No,No,No,No,No,No,No,No,No,No,No,No,No,No,No,No,No,No,No,No,No,No,,,,,,,,,,,,,,,,,,,,,,,,2013-02-11 19:11:31+00,2013-03-11 16:45:30.817154+00,1,13.29327,52.51671,0101000020E6100000BCCB457C27962A4012C2A38D23424A40,8,0101000020110F000088EE200C78943641108AB87B844C5A41,,44
Convoi (Wagenburg),"Rigaerstr. 6/7, 10247 Berlin",No,,No,No,No,No,No,No,No,No,No,No,No,No,No,Yes,No,No,No,No,No,No,No,No,No,No,,,No,No,No,No,No,No,No,No,No,No,,,,,,,,,,,,2013-02-11 19:11:31+00,2013-03-11 16:45:30.817154+00,1,13.45545,52.518,0101000020E610000029ED0DBE30E92A40FCA9F1D24D424A40,154,0101000020110F00000428A7D7FDDA36414BABCA7ABF4C5A41,,45
Cuvry-Brache,http://reclaimyourcity.net:8080/content/cuvry-brache-bleibt-freifl%C3%A4che,No,,No,No,No,No,No,No,No,No,No,No,No,No,No,No,No,No,No,No,No,No,No,No,No,No,,http://cuvrybrache.blogsport.de/,https://www.youtube.com/watch?v=v8QiBEqbJPs,No,No,No,No,Yes,No,No,No,No,No,Always,No,"Yes, jeden Dienstag um 19:00",No,No,No,No,No,http://wasteland-twinning.net/wp-content/uploads/2012/06/IMG_3890.jpg,Yes,2013-02-11 19:11:31+00,2013-03-11 16:45:30.817154+00,1,13.446643,52.499974,0101000020E610000083F92B64AEE42A40D76CE525FF3F4A40,219,0101000020110F0000039C9E7329D736419EDD0B3E87495A41,,46
Danckelmannstr. 43,"Danckelmannstr. 43, 14059 Berlin Charlottenburg",Yes,Besetzt: 1.5.1981,No,No,No,No,No,No,No,No,No,No,No,No,No,No,No,No,No,No,No,No,No,No,No,No,,,,,,,,,,,,,,,,,,,,,,,,2013-02-11 19:11:31+00,2013-03-11 16:45:30.817154+00,1,13.29123,52.51377,0101000020E6100000693A3B191C952A403DD52137C3414A40,3,0101000020110F0000C044A3F494933641AEF16C08FE4B5A41,,47
Danckelmannstr. 44,Danckelmannstr. 44  Berlin Charlottenburg 14059 ,Yes,Besetzt: 16.4.1981,No,No,No,No,No,No,No,No,No,No,No,No,No,No,No,No,No,No,No,No,No,No,No,No,,,,,,,,,,,,,,,,,,,,,,,,2013-02-11 19:11:31+00,2013-03-11 16:45:30.817154+00,1,13.2912,52.51395,0101000020E6100000BE30992A18952A40BDE3141DC9414A40,4,0101000020110F0000813EB49D91933641E3C5A943064C5A41,,48
Danckelmannstr. 45,Danckelmannstr. 45  Berlin Charlottenburg 14059,Yes,Besetzt: 28.4.1981,No,No,No,No,No,No,No,No,No,No,No,No,No,No,No,No,No,No,No,No,No,No,No,No,,,,,,,,,,,,,,,,,,,,,,,,2013-02-11 19:11:31+00,2013-03-11 16:45:30.817154+00,1,13.29115,52.51418,0101000020E6100000F775E09C11952A40EF2076A6D0414A40,5,0101000020110F00006A89D00C8C9336415BD341C8104C5A41,,49
Dennewitzstr. 24a,Dennewitzstr. 24a  Berlin Schöneberg 10783,Yes,Besetzt: 16.2.1981,No,No,No,No,No,No,No,No,No,No,No,No,No,No,No,No,No,No,No,No,No,No,No,No,,,,,,,,,,,,,,,,,,,,,,,,2013-02-11 19:11:31+00,2013-03-11 16:45:30.817154+00,1,13.36777,52.49745,0101000020E61000005CE674594CBC2A4096B20C71AC3F4A40,14,0101000020110F00002B017559DDB4364190D912DC13495A41,,50
Dieffenbachstr. 74,Dieffenbachstr. 74 10967 Berlin Kreuzberg,Yes,Besetzt: 8.4.1981,No,No,No,No,No,No,No,No,No,No,No,No,No,No,No,No,No,No,No,No,No,No,No,No,,,,,,,,,,,,,,,,,,,,,,,,2013-02-11 19:11:31+00,2013-03-11 16:45:30.817154+00,1,13.41154,52.49402,0101000020E6100000DFFDF15EB5D22A40F3C81F0C3C3F4A40,204,0101000020110F0000AEB0B5CDE5C73641483F0B1277485A41,,51
Drugstore,"Potsdamer Strasse 180, 10827 Berlin",Yes (?),,No,No,No,No,No,No,No,No,No,No,No,No,No,No,No,No,No,No,No,"Yes, So 18:00 uhr",No,No,Yes,Yes,,http://www.drugstore-berlin.de/,No,No,No,No,No,Yes,No,No,No,No,,,,,,,,,,,,2013-02-11 19:11:31+00,2013-03-11 16:45:30.817154+00,1,13.361003,52.49406,0101000020E61000000A849D62D5B82A408121AB5B3D3F4A40,84,0101000020110F0000F21EEA0CECB13641619D1BE678485A41,,52
DruzBar,"New Yorck im Bethanien, 10997 Berlin",No,,No,No,No,No,No,No,No,No,No,No,"Yes, 1.+3.+5. Mo im Monat 20:00 VoKü",No,No,No,No,No,No,No,No,No,No,No,No,No,,,No,No,No,No,No,No,Yes,No,No,No,"Yes, 1.+3.+5. Mo im Monat 20:00, Soli-Cocktailbar zugunsten politischer Projekte",,,,,,,,,,,2013-02-11 19:11:31+00,2013-03-11 16:45:30.817154+00,1,13.42199,52.50511,0101000020E6100000637AC2120FD82A40F870C971A7404A40,155,0101000020110F0000158B9C1771CC3641EE13140D724A5A41,,53
Dunckerstr.14,Dunckerstr.14  Berlin Prenzlauer Berg,Yes,Besetzt: 1990,No,No,No,No,No,No,No,No,No,No,No,No,No,No,No,No,No,No,No,No,No,No,No,No,,,,,,,,,,,,,,,,,,,,,,,,2013-02-11 19:11:31+00,2013-03-11 16:45:30.817154+00,1,13.42145,52.54293,0101000020E610000064CC5D4BC8D72A403602F1BA7E454A40,36,0101000020110F0000621ACEFA34CC3641CDD88CF533515A41,,54
EA (Ermittlungsausschuss),"Gneisenaustr. 2a, 10961 Berlin",No,,No,No,No,No,No,No,No,No,No,No,No,No,No,No,No,No,No,No,No,No,No,No,No,No,,http://www.mehringhof.de/projekte/ea.htm,No,No,No,No,No,No,No,No,No,No,No,,,,,,,,,,,2013-02-11 19:11:31+00,2013-03-11 16:45:30.817154+00,1,13.38856,52.49203,0101000020E610000049111956F1C62A405053CBD6FA3E4A40,85,0101000020110F000059F480AEE7BD3641838C661C1C485A41,,55
Ebersstr. 84 Laden,Ebersstr. 84 Laden  Berlin Schöneberg 10827 ,Yes,Besetzt: 3.4.1981,No,No,No,No,No,No,No,No,No,No,No,No,No,No,No,No,No,No,No,No,No,No,No,No,IBP Nr.5 2) 01.07.1981 Mietvertrag/Nutzungsvertrag BA Kreuzberg,,,,,,,,,,,,,,,,,,,,,,,2013-02-11 19:11:31+00,2013-03-11 16:45:30.817154+00,1,13.354365,52.481808,0101000020E6100000AFB14B546FB52A40C07971E2AB3D4A40,12,0101000020110F0000003E961C09AF364120DB06F248465A41,,56
Eisenacher Str. 103 HH,Eisenacher Str. 103 HH  Berlin Schöneberg 10781,Yes,Besetzt: 10.2.1981,No,No,No,No,No,No,No,No,No,No,No ,No,No,No,No,No,No,No,No,No,No,No,No,No,,http://www.fehre6.de/,,"Yes, So 20:00, Literaturlabor",,,,,,,,,,,,,,,,,,,,2013-02-11 19:11:31+00,2013-03-11 16:45:30.817154+00,1,13.35327,52.48451,0101000020E6100000DB5031CEDFB42A40E04A766C043E4A40,188,0101000020110F000073D981378FAE3641DCB5EC6BC4465A41,,57
Eiszeit-Kino ,"Zeughofstr. 20, 10997 Berlin",No,,No,No,No,No,No,No,No,No,No,No,No,No,No,No,No,No,No,No,No,"Yes, Jeden Tag",No,No,No,No,,http://www.eiszeitkino.de/web/,No,No,No,No,No,No,No,No,No,No,No,,,,,,,,,,,2013-02-11 19:11:31+00,2013-03-11 16:45:30.817154+00,1,13.43345,52.50018,0101000020E610000004E78C28EDDD2A40800EF3E505404A40,86,0101000020110F0000F5E247D06CD13641A017E8A890495A41,,58
Etsy Labs/IMA Village,"
Ritterstrasse 12 – 14
D – 10969 Berlin",No,,No,No,No,No,No,No,No,"Yes, crafting workshops",No,No,No,No,No,No,No,No,No,No,No,No,No,No,No,No,,http://www.etsy.com/blog/de/2012/uber-etsy-labs/,No,"Yes, crafting stammtisch, small business stammtisch",No,"Yes, DIY community center",No,Yes,No,No,No,No,No,,No,No,No,No,No,No,No,https://www.etsy.com/blog/de/files/2012/01/etsylabs1.jpg,No,2013-02-11 19:11:31+00,2013-03-11 16:45:30.817154+00,1,13.410962,52.501253,0101000020E610000029CC7B9C69D22A40CD02ED0E29404A40,190,0101000020110F000089C0FC75A5C7364191DEA0B6C1495A41,,59
Eylauerstr. 7,Eylauerstr. 7  Berlin Kreuzberg 10777,Yes,Besetzt: 31.1.1981,No,No,No,No,No,No,No,No,No,No,No,No,No,No,No,No,No,No,No,No,No,No,No,No,,,,,,,,,,,,,,,,,,,,,,,,2013-02-11 19:11:31+00,2013-03-11 16:45:30.817154+00,1,13.38362,52.49383,0101000020E6100000DC2E34D769C42A4050E449D2353F4A40,19,0101000020110F0000A5426CC3C1BB364148FDBE626E485A41,,60
f.a.q.,"Jonasstr. 40, 12053 Berlin",no(?),,No,No,No,No,No,No,No,No,No,Yes,No,No,No,No,No,No,No,No,"Yes, (Video Archive)",Yes (queer film club),Yes (antisexist focus + video archive),No,No,No,,"http://as-laden.info/, http://xb.blogsport.de/",No,Yes,No,No,No,No,No,Yes,no,No,No,,,,,,,,,,,2013-02-11 19:11:31+00,2013-03-11 16:45:30.817154+00,1,13.43098,52.47097,0101000020E6100000CD751A69A9DC2A40D5B2B5BE483C4A40,89,0101000020110F00001A8ABDDA59D03641EE57FBBE59445A41,,61
FAU-Lokal,"Lottumstr. 11, 10119 Berlin",No,,No,No,No,No,No,No,No,No,No,No,No,No,No,No,No,No,No,No,No,No,No,No,Yes,No,,http://www.fau.org/ortsgruppen/berlin,No,No,No,No,No,No,"Yes, Fr 17:00-18:00",No,No,No,No,,,,,,,,,,,2013-02-11 19:11:31+00,2013-03-11 16:45:30.817154+00,1,13.40703,52.53091,0101000020E610000055FB743C66D02A40478FDFDBF4434A40,90,0101000020110F000000AEADC0EFC53641035802FF0D4F5A41,,62
Fehrbelliner Str. 6,Fehrbelliner Str. 6  Berlin Mitte,Yes,Besetzt: 1990,No,No,No,No,No,Yes ,No,No,No,No,No,No,No,No,Yes,No,No,No,No,Yes,No,No,Yes,No,Gekauft 1997,,,,,,,,,,,,,,,,,,,,,,,2013-02-11 19:11:31+00,2013-03-11 16:45:30.817154+00,1,13.40309,52.53364,0101000020E610000075B0FECF61CE2A4031EBC5504E444A40,9,0101000020110F00005D22632739C43641D3252EE48A4F5A41,,63
Fehrbelliner Str. 7,Fehrbelliner Str. 7  Berlin Mitte,Yes,Besetzt: 1979,No,No,No,No,No,No,No,No,No,No,No,No,No,No,No,No,No,No,No,No,No,No,No,No,2001 gekauft,http://www.jugendopposition.de/index.php?id=3179,,,,,,,,,,,,,,,,,,,,,,2013-02-11 19:11:31+00,2013-03-11 16:45:30.817154+00,1,13.40309,52.53364,0101000020E610000075B0FECF61CE2A4031EBC5504E444A40,31,0101000020110F00005D22632739C43641D3252EE48A4F5A41,,64
Fichtestr. 29 ,Fichtestr. 29  10777 Berlin Kreuzberg,Yes,Besetzt: 20.6.1980,No,No,No,No,No,No,No,No,No,No,No,No,No,No,No,No,No,No,No,No,No,No,No,No,,http://www.archivtiger.de/haeuser/br_UnsereNeueHeimat/,No,No,No,No,No,Yes,No,No,No,,,,,,,,,,,,,2013-02-11 19:11:31+00,2013-03-11 16:45:30.817154+00,1,13.413212,52.490391,0101000020E610000027A1F48590D32A405AA0DD21C53E4A40,65,0101000020110F00002D9603EE9FC8364176FAB632D1475A41,,65
Fidicinstr. 25a / Friesenstr. 12,Fidicinstr. 25A  10965 Berlin Kreuzberg,Yes,Besetzt: 7.2.1981,No,No,No,No,No,No,No,No,No,No,No,No,No,No,No,No,No,No,No,No,No,No,No,No,15.07.1982 Mietvertrag/Nutzungsvertrag,,,,,,,,,,,,,,,,,,,,,,,2013-02-11 19:11:31+00,2013-03-11 16:45:30.817154+00,1,13.39368,52.4867,0101000020E6100000B62DCA6C90C92A404A7B832F4C3E4A40,45,0101000020110F0000ABCB2FA321C0364148C1828128475A41,,66
Fidicinstr. 27,Fidicinstr. 27 10965 Berlin Kreuzberg,Yes,Besetzt: 1.2.1981,No,No,No,No,No,No,No,No,No,No,No,No,No,No,No,No,No,No,No,No,No,No,No,No,,,,,,,,,,,,,,,,,,,,,,,,2013-02-11 19:11:31+00,2013-03-11 16:45:30.817154+00,1,13.393317,52.486624,0101000020E6100000F2EB87D860C92A406FB9FAB1493E4A40,44,0101000020110F000016337D3AF9BF36416FA5560825475A41,,67
Fidicinstr. 41,Fidicinstr. 41 10965 Berlin Kreuzberg,Yes,Besetzt: 18.2.1981,No,No,No,No,No,No,No,No,No,No,No,No,No,No,No,No,No,No,No,No,No,No,No,No,,,,,,,,,,,,,,,,,,,,,,,,2013-02-11 19:11:31+00,2013-03-11 16:45:30.817154+00,1,13.388232,52.487149,0101000020E610000077853E58C6C62A40BAA3FFE55A3E4A40,41,0101000020110F0000CE8D3A2BC3BD3641B8AFAD063D475A41,,68
Fidicinstr. 43,Fidicinstr. 43  10965 Berlin Kreuzberg,Yes,Besetzt: 18.2.1981,No,No,No,No,No,No,No,No,No,No,No,No,No,No,No,No,No,No,No,No,No,No,No,No,,,,,,,,,,,,,,,,,,,,,,,,2013-02-11 19:11:31+00,2013-03-11 16:45:30.817154+00,1,13.38759,52.48732,0101000020E610000066834C3272C62A40E6577380603E4A40,42,0101000020110F000093D4A5B37BBD3641F09857D744475A41,,69
Fischladen,"Rigaerstr. 83, 10247 Berlin",Yes ,,No,No,No,No,No,No,No,Yes,No,No,"Yes, Di-So ab 19:00 (vegane Vokü ab 19:30)",No,No,No,No,No,No,No,No,No,No,No,No,No,,No ,No,No,No,No,No,No,No,No,No,No,No,,,,,,,,,,,2013-02-11 19:11:31+00,2013-03-11 16:45:30.817154+00,1,13.46195,52.51707,0101000020E61000003FC6DCB584EC2A4011DF89592F424A40,91,0101000020110F0000561F496BD1DD36411F997CF2944C5A41,,70
Florida Wedding,"Lüderitzstr. 13, Berlin",No (?),,No,No,No,No,No,No,No,No,No,No,No,No,No,No,No,No,No,No,No,"Yes, jeden tag, 21:00",No,No,Yes,No,,No ,No,No,No,No,No,No,No,No,No,No,No,,,,,,,,,,,2013-02-11 19:11:31+00,2013-03-11 16:45:30.817154+00,1,13.34828,52.55058,0101000020E6100000A7B393C151B22A4074EACA6779464A40,92,0101000020110F0000A77289BB63AC3641BC88410E92525A41,,71
Food Not Bombs c/o M 99,"Manteuffelstr. 99, 10997 Berlin",No,,No,No,No,No,No,No,No,No,No,No,No,No,No,No,No,No,No,No,No,No,No,No,No,No,,No ,No,No,No,No,No,No,No,No,No,No,No,,,,,,,,,,,2013-02-11 19:11:31+00,2013-03-11 16:45:30.817154+00,1,13.4281,52.501,0101000020E6100000D0D556EC2FDB2A40E3A59BC420404A40,93,0101000020110F0000FA301B4119CF36416295A525B6495A41,,72
Frankenstr. 7,Frankenstr. 7  Berlin Schöneberg 10781,Yes,Besetzt: 10.4.1981,No,No,No,No,No,No,No,No,No,No,No,No,No,No,No,No,No,No,No,No,No,No,No,No,,,,,,,,,,,,,,,,,,,,,,,,2013-02-11 19:11:31+00,2013-03-11 16:45:30.817154+00,1,13.35086,52.49351,0101000020E6100000FAF202ECA3B32A40DE1FEF552B3F4A40,10,0101000020110F0000238DD5EF82AD36412D1D44C25F485A41,,73
FREE e.V.,"Gitschiner Str. 92, 10969 Berlin",No,,No,No,No,No,No,No,No,"Yes (Di: DJ-Workshop, Mi: Beschallungs-Technik, Do: Computer als Musik-Instrument)t",No,No,No,No,No,No,No,No,No,No,No,No,No,No,No,No,,No ,No,No,No,No,Yes,Yes,No,No,No,No,No,,,,,,,,,,,2013-02-11 19:11:31+00,2013-03-11 16:45:30.817154+00,1,13.40116,52.49852,0101000020E61000003EEDF0D764CD2A407233DC80CF3F4A40,94,0101000020110F0000363AA74E62C336417845E8C544495A41,,74
Freudenhaus,Lottum Str. 9  Berlin Prenzlauer Berg,Yes,Besetzt: 1990,No,No,No,No,No,No,No,No,No,No,"Yes, Do, Fr, Sa 21:00-04:00, Do Vokü ab 21:00 ",No,No,No,No,No,No,No,No,No,No,No,Yes,Yes,,,,,,,,,,,,,,,,,,,,,,,,2013-02-11 19:11:31+00,2013-03-11 16:45:30.817154+00,1,13.4076,52.53074,0101000020E6100000FFB27BF2B0D02A40EB56CF49EF434A40,29,0101000020110F0000FE246B342FC6364131521238064F5A41,,75
Freudenhaus,"Lottumstr. 9 VH, 10119 Berlin",Yes?,,No,No,No,No,No,No,No,No,No,No,"Yes, Do 21:00",No,No,No,No,No,No,No,No,No,No,No,No,No,,No ,No,No,No,No,No,No,No,No,No,No,No,,,,,,,,,,,2013-02-11 19:11:31+00,2013-03-11 16:45:30.817154+00,1,13.407423,52.530673,0101000020E6100000C34659BF99D02A4063EFC517ED434A40,95,0101000020110F0000D44C4F801BC63641C2F86827034F5A41,,76
Fuchsbau,"Thurgauer Str. 66, 13407 Berlin",No,,No,No,No,No,No,No,No,No,No,No,No,No,No,No,No,No,No,No,No,No,No,No,No,No,,No ,No,"Yes, Polit-Café ""Alhambra""  Do 18:00.",No,No,No,Yes,No,No,No,No,No,,,,,,,,,,,2013-02-11 19:11:31+00,2013-03-11 16:45:30.817154+00,1,13.35398,52.57143,0101000020E61000004CE0D6DD3CB52A4005FA449E24494A40,96,0101000020110F00005218F040DEAE36411013DC8C4C565A41,,77
Galerie Olga Benario,"Richardstr. 104, 12043 Berlin",No,,No,No,No,No,No,Yes ,No,No,No,No,No,No,No,No,No,No,No,No,No,No,No,No,No,No,,http://www.galerie-olga-benario.de/,No,No,No,No,No,No,No,No,No,No,No,,,,,,,,,,,2013-02-11 19:11:31+00,2013-03-11 16:45:30.817154+00,1,13.44025,52.4777,0101000020E6100000C520B07268E12A404CA60A46253D4A40,97,0101000020110F0000E01840C961D43641A37C783B8D455A41,,78
Georg-von-Rauch-Haus,Mariannenplatz  Berlin Kreuzberg,Yes,1971 besetzte,No,No,No,No,No,No,Yes,yes,yes,No,"Yes, Mi 19:00, jeden 1. So im Monat 14:00-20:00 Flohmarkt mit Kaffee und Kuchen",Yes,No,Yes,No,No,No,No,No,No,No,No,Yes,"Yes, jeden 2. Sa im Monat ",,http://www.rauchhaus1971.de/,Yes,No,No,Yes (youth focus),No,Yes,No,No,No,,"Yes, Soliparties",,"Yes, 1. So im Monat 14:00-20:00 Flohmarkt mit Kaffee und Kuchen",,,,,,, http://blogs.bl0rg.net/transfo/wp-content/uploads/2012/05/bethanien-potager-e1336406742961.jpg,,2013-02-11 19:11:31+00,2013-03-11 16:45:30.817154+00,1,13.42383,52.50234,0101000020E61000009B20EA3E00D92A407FBC57AD4C404A40,205,0101000020110F000073608BEB3DCD3641F68C8268F3495A41,,79
Gitschiner Str. 90,Gitschiner Str. 90  10969 Berlin Kreuzberg,Yes,Besetzt: 18.3.1981,No,No,No,No,No,No,No,No,No,No,No,No,No,No,No,No,No,No,No,No,No,No,No,No,Legalisierung 08.11.1981,,,,,,,,,,,,,,,,,,,,,,,2013-02-11 19:11:31+00,2013-03-11 16:45:30.817154+00,1,13.40158,52.49853,0101000020E61000009274CDE49BCD2A409609BFD4CF3F4A40,203,0101000020110F0000D691B90F91C33641446BEF3A45495A41,,80
Goebenstr. 8,Goebenstr. 8  Berlin Schöneberg 10783,Yes,Besetzt: 1.5.1981,No,No,No,No,No,No,No,No,No,No,No,No,No,No,No,No,No,No,No,No,No,No,No,No,,,,,,,,,,,,,,,,,,,,,,,,2013-02-11 19:11:31+00,2013-03-11 16:45:30.817154+00,1,13.36397,52.49364,0101000020E610000043739D465ABA2A40ACFF73982F3F4A40,17,0101000020110F0000683DDB5536B33641DB3075B365485A41,,81
Görlitzer Str. 37,Görlitzer Str. 37  10997 Berlin Kreuzberg,Yes,Besetzt: 24.3.1981,No,No,No,No,No,No,No,No,No,No,No,No,No,No,No,No,No,No,No,No,No,No,No,No,,,No,No,No,No,No,Yes,No,No,No,No,,,,,,,,,,,,2013-02-11 19:11:31+00,2013-03-11 16:45:30.817154+00,1,13.44354,52.49574,0101000020E610000089EFC4AC17E32A40D6A88768743F4A40,151,0101000020110F00003A72FA06D0D53641397B2DB1C5485A41,,82
Görlitzer Str. 39 (HH + Fabrikgeb.),Görlitzer Str. 39  10997 Berlin Kreuzberg,Yes,Besetzt: 16.5.1981,No,No,No,No,No,No,No,No,No,No,No,No,No,No,No,No,No,No,No,No,No,No,No,No,19.06.1983 Kauf des Hauses über Hausverein,,No,No,No,No,No,Yes,No,No,No,No,,,,,,,,,,,,2013-02-11 19:11:31+00,2013-03-11 16:45:30.817154+00,1,13.4431,52.49589,0101000020E610000017B7D100DEE22A40EC34D252793F4A40,134,0101000020110F0000B56BF30B9FD5364199FF7C8CCC485A41,,83
Gotenstr. 19,Gotenstr. 19  Berlin Schöneberg 10829,Yes,Besetzt: 15.4.1981,No,No,No,No,No,No,No,No,No,No,No,No,No,No,No,No,No,No,No,No,No,No,No,No,06.07.1982 Mietvertrag/Nutzungsvertrag BA Kreuzberg,,,,,,,,,,,,,,,,,,,,,,,2013-02-11 19:11:31+00,2013-03-11 16:45:30.817154+00,1,13.3601,52.48097,0101000020E61000004694F6065FB82A40B62DCA6C903D4A40,13,0101000020110F0000A915698787B13641F748E8A622465A41,,84
Graefestr.73 / Dieffenbachstr. 27,Graefestr.73  10967 Berlin Kreuzberg,Yes ,Besetzt: 27.2.1981,No,No,No,No,No,No,No,No,No,No,No,No,No,No,No,No,No,No,No,No,No,No,No,No,,,,,,,,,,,,,,,,,,,,,,,,2013-02-11 19:11:31+00,2013-03-11 16:45:30.817154+00,1,13.41735,52.49216,0101000020E6100000A1F831E6AED52A401E335019FF3E4A40,55,0101000020110F0000FA17DE916CCA36411E858A0D22485A41,,85
Graefestr.73 / Dieffenbachstr. 27,Graefestr.73  10967 Berlin Kreuzberg,Yes,Besetzt: 27.2.1981,No,No,No,No,No,No,No,No,No,No,No,No,No,No,No,No,No,No,No,No,No,No,No,No,http://www.archivtiger.de/haeuser/br_EA_abgeraeumt/,,,,,,,,,,,,,,,,,,,,,,,2013-02-11 19:11:31+00,2013-03-11 16:45:30.817154+00,1,13.41735,52.49216,0101000020E6100000A1F831E6AED52A401E335019FF3E4A40,57,0101000020110F0000FA17DE916CCA36411E858A0D22485A41,,86
Graefestr.73 / Dieffenbachstr. 27,Graefestr.73 10967 Berlin Kreuzberg,Yes,Besetzt: 27.2.1981,No,No,No,No,No,No,No,No,No,No,No,No,No,No,No,No,No,No,No,No,No,No,No,No,,http://www.archivtiger.de/haeuser/br_EA_abgeraeumt/,No,No,No,No,No,Yes,No,No,No,,,,,,,,,,,,,2013-02-11 19:11:31+00,2013-03-11 16:45:30.817154+00,1,13.4173,52.49242,0101000020E6100000D93D7958A8D52A40BBF2599E073F4A40,64,0101000020110F0000D662FA0067CA36415FEAD5EF2D485A41,,87
Groni 50,"Groningerstr. 50, Berlin Wedding 13347 ",Yes,Besetzt: 27.11.1980,No,No,No,No,No,No,No,No,No,No,"Yes, jeden 1., 3. + 5. Di im Monat 20:00 vegane Vokü ",No,No,No,No,No,No,No,No,No,No,No,No,No,,,,,,,"Yes, http://www.dickesbee.org/",,,,,,,,,,,,,,,,,2013-02-11 19:11:31+00,2013-03-11 16:45:30.817154+00,1,13.36165,52.55498,0101000020E6100000613255302AB92A4090F7AA9509474A40,38,0101000020110F0000D403FC1234B236419E102F725B535A41,,88
Groni50 (Wedding),"Groninger Str. 50, 13347 Berlin",Yes ,"Besetzt, 1980",Yes,No,No,No,No,No,No,No,No,No,"Yes, jeden 1. + 3. Di im Monat 20:00 vegan/veg. Vokü",No,No,No,No,Yes,No,No,No,"Yes, 1. + 3. Di 20:00",No,No,No,No,,http://groni50.org/,No,No,No,No,No,Ys,No,No,No,No,No,,,,,,,,,,,2013-02-11 19:11:31+00,2013-03-11 16:45:30.817154+00,1,13.36165,52.55498,0101000020E6100000613255302AB92A4090F7AA9509474A40,98,0101000020110F0000D403FC1234B236419E102F725B535A41,,89
Grünberger Str. 73,Grünberger Str. 73 Berlin Friedrichshain,Yes,Besetzt: 1990,No,No,No,No,No,Yes ,No,No,No,No,No ,No,No,No,No,No,No,No,No,No,No,No,No,No," 1.1.2004 Gekauft,",http://gruenberger.so36.net/,No,No,No,No,No,No ,No,No,No,No,No,,No,,,,,,,,,2013-02-11 19:11:31+00,2013-03-11 16:45:30.817154+00,1,13.45958,52.51145,0101000020E610000097CADB114EEB2A4005C58F3177414A40,169,0101000020110F0000AB308697C9DC3641CA253FF1934B5A41,,90
Haus der Jugend (Köpenick),"Seelenbinderstr. 54, 12555 Berlin",Yes ,,No,No,No,No,No,Yes ,No,Yes,No,Yes,"Yes, Mi 19 uhr, Do brunch 18 uhr ","Yes (Trail bike, slacklining)",Yes,No,Yes,"Yes, mi 17uhr",No,No,Yes,No,No,"Yes, Di, Do 17 uhr (mopeds too)",Yes,Yes,,http://www.cafe-hdjk.de/index.html,No,No,No,Yes,No,Yes,Yes,No,No,No,No,,,,,,,,,,,2013-02-11 19:11:31+00,2013-03-11 16:45:30.817154+00,1,13.58288,52.45521,0101000020E610000026FC523F6F2A2B40F5673F52443A4A40,99,0101000020110F00004EB7FC486712374188AF77DF89415A41,,91
Haus Friedensbruch / Frauencafe,Jagowstr. 12  Berlin Moabit 13585,Yes,Besetzt: 12.2.198,No,No,No,No,Yes,No,No,No,No,No,No,No,No,No,No,No,No,No,No,No,No,No,Yes,No,,,,,,,,,,,,,,,,,,,,,,,,2013-02-11 19:11:31+00,2013-03-11 16:45:30.817154+00,1,13.333912,52.522277,0101000020E6100000E17B7F83F6AA2A40FC3905F9D9424A40,6,0101000020110F0000B5994B4B24A63641D80E4118834D5A41,,92
"
Hausprojekt Berlin-Rahnsdorf ","Püttbergeweg. 77
12589  Berlin",Yes,,Yes,No,No,No,No,No,No,No,No,No,No,No,No,No,No,No,No,No,No,No,No,No,No,No,Gekauft,http://www.hausprojekt-berlinrahnsdorf.net/,No,No,No,No,No,Yes,No,No,No,No,No,,No,No,No,No,No,No,No,http://www.wohnportal-berlin.de/sites/default/files/imagecache/project_full/konkretes-projekt/921/images/teaser/dsc05592-768x1024.jpg,,2013-02-11 19:11:31+00,2013-03-11 16:45:30.817154+00,1,13.70204,52.44156,0101000020E6100000BAF770C971672B40639CBF0985384A40,191,0101000020110F0000CCDD991D384637411FEE41961A3F5A41,,93
Hausprojekt PinkePanke,Koloniestraße 57 13357  Berlin,Yes,,No,No,No,No,No,No,No,No,No,No,No,No,No,No,No,No,No,No,No,No,No,No,No,No,Gekauft 2010,http://pinkepanke.net/index.php,No,No,No,No,No,Yes,No,No,No,No,No,,No,No,No,No,No,No,No,http://pinkepanke.net/images/blackwhite4.png,,2013-02-11 19:11:31+00,2013-03-11 16:45:30.817154+00,1,13.383749,52.564301,0101000020E6100000D3BEB9BF7AC42A40D00CE2033B484A40,192,0101000020110F0000F843A31FD0BB3641C52FCF2306555A41,,94
Hausprojekt Wönnichstr.103 ,Wönnichstr.103 Berlin 10317,Yes,,No,No,No,No,No,No,No,No,No,No,No,No,No,No,No,No,No,No,No,No,No,No,No,No,,http://www.woennich.de/,No,No,No,No,No,Yes,No,No,No,No,No,,No,No,No,No,No,No,No,,,2013-02-11 19:11:31+00,2013-03-11 16:45:30.817154+00,1,13.4956,52.5016,0101000020E610000092CB7F48BFFD2A4039D6C56D34404A40,194,0101000020110F00004939E85173EC3641D1E6C393D1495A41,,95
Heile-Haus,Waldemarstr. 36  10999 Berlin Kreuzberg,Yes (nonresidential),Besetzt: 27.2.1981,No,No,No,No,Yes (men only too),No,Yes (bath),Yes,No,No,"Montag, Dienstag, Mittwoch u. Donnerstag 13:00 - 15.30 h",Yes,Yes,No,Yes,No,No,No,No,No,No,No,Yes,No,,http://www.heilehaus-berlin.de/,No,Yes (health),Yes** (language),Yes,No,Yes,No,No,Yes,,,,,,,,,,,http://36grad.qm-zentrumkreuzberg.de/Bilder/stories/Ausgabe_01/fragmente_06.jpg,,2013-02-11 19:11:31+00,2013-03-11 16:45:30.817154+00,1,13.41917,52.50352,0101000020E6100000BBED42739DD62A40E370E65773404A40,53,0101000020110F00007F3ED82B37CB3641C532305B294A5A41,,96
Heimstr. 9 /9a,Heimstr. 9 /9a  10965 Berlin Kreuzberg,Yes,Besetzt: 22.1.1981,No,No,No,No,No,No,No,No,No,No,No,No,No,No,No,No,No,No,No,No,No,No,No,No,,,,,,,,,,,,,,,,,,,,,,,,2013-02-11 19:11:31+00,2013-03-11 16:45:30.817154+00,1,13.396685,52.48704,0101000020E6100000A5A0DB4B1ACB2A4003ECA353573E4A40,46,0101000020110F000086690B2770C13641BCD8670B38475A41,,97
Hexenhaus,Liegnitzer Str. 5  10999 Berlin Kreuzberg,Yes,Besetzt: 5.1.1981,Yes (?),No,No,Yes (for women),Yes,Yes ,Yes,No,No,Yes (residents),,No,Yes,No,No,No,No,No,Yes,No,No,No,No,No,1983 Gekauft,http://www.frauenwohnprojekte.de/index.php?id=6&no_cache=1&tx_p2fwp_pi1[showUid]=4,No,No,No,No,No,Yes,No,No,No,Yes,,,,,,,,,,,,2013-02-11 19:11:31+00,2013-03-11 16:45:30.817154+00,1,13.43598,52.49514,0101000020E6100000906B43C538DF2A4081785DBF603F4A40,67,0101000020110F00005948B07386D23641F1BDFE43AA485A41,,98
Infoladen Daneben,"Liebigstr. 34, 10247 Berlin",Yes ,1991,No,No,No,No,Yes,No,No,No,No,No,No,No,No,No,No,No,"Yes, (sound recording)",No,No,No,Yes,No,No,No,,http://www.nadir.org/nadir/initiativ/daneben/,No,No,No,No,No,Yes,No,Yes,No,No,No,,,,,,,,,,,2013-02-11 19:11:31+00,2013-03-11 16:45:30.817154+00,1,13.45707,52.51804,0101000020E610000027F73B1405EA2A408A027D224F424A40,100,0101000020110F0000207A122EB2DB3641FB6C1C4FC14C5A41,,99
Info-Laden K36,Dresdnerstr. 16 Laden  10999 Berlin Kreuzberg,Yes,Besetzt: 21.4.1981,No,No,No,No,No,No,No,No,No,No,No,No,No,No,No,No,No,No,No,No,No,No,No,No,23.06.1982 legalisierung,,,,,,,,,Yes,,,,,,,,,,,,,,2013-02-11 19:11:31+00,2013-03-11 16:45:30.817154+00,1,13.395832,52.503076,0101000020E6100000A96BED7DAACA2A4085B35BCB64404A40,58,0101000020110F000055156E3211C13641199F950E154A5A41,,100
Interkultureller Garten Berlin-Lichtenberg,"Liebenwalder Straße 12-18
13055 Berlin ",No,,No,No,No,No,No,No,No,No,No,No,No,No,"Yes, garden and beehives",No,Yes,No,No,No,No,No,No,No,No,No,,http://www.sozdia.de/Wir-ueber-uns.485.0.html,http://www.sozdia.de/Wir-ueber-uns.485.0.html,No,"Yes, international garden seeking international families",No,"Yes, honey and marmelade, Liebenwalder Str 12, 13055 Berlin, Tue + Wed > 10-17 clock
Thurs 12-17 clock (in the season to 19 clock)",Yes,No,No,No,No,No,,No,No,No,No,,,,,,2013-02-11 19:11:31+00,2013-03-11 16:45:30.817154+00,1,13.36688,52.55218,0101000020E6100000EB1C03B2D7BB2A40ADC090D5AD464A40,175,0101000020110F0000C79C6C467AB43641399B4449DB525A41,,101
Irving Zola Haus/Refugee Strike Haus,"Ohlauer Straße 12 
10999 Berlin",No,Besetzt 2012,No,No,No,No,No,No,No,No,No,No,"Yes, jeden 4. Donnerstag im Monat",No,No,No,No,No,No,No,No,"Yes, So, 20:00",No,No,No,Yes,,http://irvingzolahaus.blogsport.de/,No,Yes ,"Yes, Refugee house, jeden 4. Donnerstag im Monat, 20 Uhr INTERNATIONALISTISCHER ABEND",Yes,No,Yes,No,No,No,No,No,,No,No,No,No,No,No,No,https://linksunten.indymedia.org/de/system/files/images/3731248935.jpg,No,2013-02-11 19:11:31+00,2013-03-11 16:45:30.817154+00,1,13.431368,52.496638,0101000020E6100000F5143944DCDC2A40B5F97FD5913F4A40,198,0101000020110F00002FFDE10B85D036415F01BABDEE485A41,,102
JUP,"Florastr. 84, 13187 Berlin",Yes (nonresidential),Besetzt 1990,No,No,No,No,No,No,No,No,No,Yes,No,Yes,No,No,Yes,Yes,No,No,No,No,No,No,Yes,No,,http://www.jup-ev.org/haus/neuigkeiten.html,No,No,No,Yes,No,Yes,No,No,No,No,No,,,,,,,,,,,2013-02-11 19:11:31+00,2013-03-11 16:45:30.817154+00,1,13.40023,52.56585,0101000020E610000094C151F2EACC2A408638D6C56D484A40,101,0101000020110F00001578B5C7FAC236414E48ED0E4D555A41,,103
K19 Café,"Kreutzigerstr. 19, 10247 Berlin",Yes (?),Besetzt: 1990,No,No,No,No,No,No,No,No,No,No,"Yes, Mo 20:00 Weltküche, Do 20:00 
",No,No,No,No,No,No,No,No,No,No,No,Yes,No,Legalisiert 1991,No ,No,No,No,No,No,Yes,No,No,No,No,No,,,,,,,,,,,2013-02-11 19:11:31+00,2013-03-11 16:45:30.817154+00,1,13.46013,52.51318,0101000020E610000024D1CB2896EB2A400B7BDAE1AF414A40,102,0101000020110F0000D1F84ED106DD3641F6F06D0DE34B5A41,,104
K9,"Kinzigstr. 9, 10245 Berlin",Yes ,,No,No,No,No,No,Yes ,Yes,No,No,No,No,No,No,No,Yes,Yes,No,No,No,No,No,No,Yes,No,,http://www.kinzig9.de/,No,Yes,No,No,No,No,No,No,No,No,"Yes, event room for rent for Soli events only",,,,,,,,,,,2013-02-11 19:11:31+00,2013-03-11 16:45:30.817154+00,1,13.465926,52.513751,0101000020E610000052B648DA8DEE2A40C6A4BF97C2414A40,103,0101000020110F00001E4C7F068CDF364178D4FE29FD4B5A41,,105
kanalB,"Reichenberger Str.121, 10999 Berlin",No,,No,No,No,No,No,No,No,No,No,No,No,No,No,No,No,No,No,No,Yes,No,Yes (video),No,No,No,,http://kanalb.org/,No,No,No,No,No,No,No,No,No,No,No,,,,,,,,,,,2013-02-11 19:11:31+00,2013-03-11 16:45:30.817154+00,1,13.43214,52.49521,0101000020E61000003E963E7441DD2A407A53910A633F4A40,104,0101000020110F0000D8262DFCDAD036413CCC2077AD485A41,,106
Kanzleramt Kulturbanausen e.V.,"Lohmühlenstrasse, 12435 Berlin",No (?),,No,No,No,No,No,No,No,No,No,No,No,No,No,Yes (?),Yes (?),No,No,No,No,"Yes, Mi 21:00",No,No,Yes,No,,No ,No,No,No,No,No,Yes,No,No,No,No,No,,,,,,,,,,,2013-02-11 19:11:31+00,2013-03-11 16:45:30.817154+00,1,13.44444,52.49297,0101000020E61000008811C2A38DE32A405EF415A4193F4A40,105,0101000020110F0000102EFD3634D636413F94841347485A41,,107
Karl-Marx-Str. 20 HH,Karl-Marx-Str. 20 HH  12043 Berlin Neukölln,Yes,Besetzt: 14.4.1981,No,No,No,No,No,No,No,No,No,No,No,No,No,No,No,No,No,No,No,No,No,No,No,No,,,No,No,No,No,No,Yes,No,No,No,,,,,,,,,,,,,2013-02-11 19:11:31+00,2013-03-11 16:45:30.817154+00,1,13.44082,52.4733,0101000020E61000006FD8B628B3E12A4031992A18953C4A40,88,0101000020110F0000D28FFD3CA1D4364102232232C4445A41,,108
Kastanienallee 77 (Lichtblick Kino),Kastanienallee 77  Berlin Prenzlauer Berg,Yes,Besetzt: 20.6.1992,No,No,No,No,No,Yes ,No,No,No,No,No,Yes,No,No,No,No,No,No,Yes,Yes,No,No,No,No,legalisiert 1994,"http://www.k77.org/, http://www.lichtblick-kino.org/lichtblick.php",,,,,,,,,,,,,,,,,,,Yes,,,2013-02-11 19:11:31+00,2013-03-11 16:45:30.817154+00,1,13.40781,52.53648,0101000020E6100000A9F6E978CCD02A40A27A6B60AB444A40,32,0101000020110F0000CF50F49446C63641B3DCC1D30C505A41,,109
Kastanienallee 85 (Kastanienkeller),Kastanienallee 85  Berlin Prenzlauer Berg,Yes,Besetzt: 1990,Yes,No,No,No,No,No,No,No,No,No,"Yes, Di: vegane Volxküche",No,No,No,No,No,No,No,No,Yes,No,No,Yes,Yes,,http://morgenrot.blogsport.eu/,,Yes,,,,,,,,,,,,,,,,,,,,2013-02-11 19:11:31+00,2013-03-11 16:45:30.817154+00,1,13.40892,52.53754,0101000020E6100000535C55F65DD12A405B25581CCE444A40,34,0101000020110F000081388025C2C636415B6096533D505A41,,110
Kinderbauernhof,"Leuschnerdamm 9 10999 Berlin
",Yes (nonresidential),Besetzt: 20.3.1981,No,No,No,No,No,No,No,Yes,No,No,No,No,Yes,No,Yes,No,No,No,No,No,No,No,No,No,,http://kbh-mauerplatz.de/index.php,Yes,No,No,Yes,No,No,No,No,,,,,,,,,,,,http://friedrichshainblog.de/wp-content/uploads/2012/06/kinderbauernhof-am-mauerplatz-berlin-kreuzberg.jpg,,2013-02-11 19:11:31+00,2013-03-11 16:45:30.817154+00,1,13.418814,52.505156,0101000020E6100000C136E2C96ED62A4068B0A9F3A8404A40,206,0101000020110F0000E9AFA18A0FCB36418DDF7C27744A5A41,,111
Kinderbauernhof Gorlitzer Park,,,,,,,,,,,,,,,,,,,,,,,,,,,,,,,,,,,,,,,,,,,,,,,,,http://upload.wikimedia.org/wikipedia/commons/d/db/Kinderbauernhof_goerlitzer_park_berlin.jpg,,2013-02-11 19:11:31+00,2013-03-11 16:45:30.817154+00,1,13.37698,52.51607,0101000020E6100000FE7DC68503C12A402E39EE940E424A40,172,0101000020110F00007383199ADEB836419998E336674C5A41,,112
Klamottentauschladen,Eisenbahnstrasse 42 Berlin 10997,No,,No,No,No,No,No,No,No,No,Yes,No,No ,No,No,No,No,No,No,No,No,No,No,No,No,No,,No ,No,No,No,No,No,Yes,No,No,No,No,No,,No,,,,,,,,,2013-02-11 19:11:31+00,2013-03-11 16:45:30.817154+00,1,13.43201,52.50199,0101000020E610000005172B6A30DD2A40A375543541404A40,221,0101000020110F00005EB67683CCD03641AC903168E3495A41,,113
Klamottentauschladen,Market Hall 9 Eisenbahnstrasse 42 10997 Berlin,No,,No,No,No,No,No,No,No,No,Yes,No,No ,No,No,No,No,No,No,No,No,No,No,No,No,No,,http://ktl.blogger.de/,"Yes, http://ktl.blogger.de/topics/Bilder/",No,No,No,No,Yes,No,No,No,No,No,,No,No,,No,,,,,,2013-02-11 19:11:31+00,2013-03-11 16:45:30.817154+00,1,13.432171,52.501968,0101000020E61000002A8F6E8445DD2A40BBD1C77C40404A40,180,0101000020110F00003D9C9B6FDED036411443B666E2495A41,,114
Knobelsdorffstr. 46,"Knobelsdorffstr. 46, 14059 Berlin Charlottenburg",Yes,Besetzt: 8.3.1981,No,No,No,No,No,No,No,No,No,No,No,No,No,No,No,No ,No,No,No,No,No,No,No,No,,,,,,,,,,,,,,,,,,,,,,,,2013-02-11 19:11:31+00,2013-03-11 16:45:30.817154+00,1,13.28977,52.51327,0101000020E61000004EB9C2BB5C942A404B02D4D4B2414A40,184,0101000020110F00005D69DD6DF29236414275082BE74B5A41,,115
Kohlfurterstr. 40,Kohlfurterstr. 40  10999 Berlin Kreuzberg,Yes,Besetzt: 26.1.1981,No,No,No,No,No,No,No,No,No,No,No,No,No,No,No,No,No,No,No,No,No,No,No,No,,,No,No,No,No,No,Yes,No,No,No,,,,,,,,,,,,,2013-02-11 19:11:31+00,2013-03-11 16:45:30.817154+00,1,13.41794,52.4967,0101000020E610000067614F3BFCD52A402BF697DD933F4A40,69,0101000020110F0000C53D903FAECA36413AE14493F1485A41,,116
Köpi,Köpenicker Straße 137  Berlin Mitte,Yes,Besetzt 1990,No,No,No,No,No,No,no**,No,No**,No,Yes **,Yes,No,No,No,Yes,No,No,No,Yes,No,No,Yes,Yes,Legalisiert 1991,http://koepi137.net/,Yes ,No,No,No,No,Yes,No,Yes,,,,,,,,,,,,,,2013-02-11 19:11:31+00,2013-03-11 16:45:30.817154+00,1,13.42631,52.50799,0101000020E610000060EAE74D45DA2A40F758FAD005414A40,54,0101000020110F0000B41010FE51CE3641C3D045BBF54A5A41,,117
Kreutzigerstr. 22,Kreutzigerstr. 22  Berlin Friedrichshain,Yes,Besetzt: 1990,No,No,No,No,No,No,No,No,No,No,No ,No,No,No,No,No,No,No,No,No,No,No,No,No,,No ,No,No,No,No,No,No ,No,No,No,No,No,,No,,,,,,,,,2013-02-11 19:11:31+00,2013-03-11 16:45:30.817154+00,1,13.46046,52.51357,0101000020E6100000793BC269C1EB2A40761A69A9BC414A40,168,0101000020110F0000A93D948D2BDD3641F2800FE3F44B5A41,,118
KuBiZ / trägerwerk e.V.,Bernkasteler Straße 78 | 13088 Berlin,Yes,,Yes(?),No,No,"Yes, Wood shop, Sa: 14.00 – 17.00 Uhr (women, trangender), 1. Montag im Monat 16.00 – 18.00 Uhr, für alle, 1. Mittwoch im Monat 17.00 – 19.00 Uhr: für alle","Yes, Samstags 14.00 – 17.00 Uhr: FrauenLesbenTrans woodshop","Yes, theater, open (multipurpose) space",Yes,Yes,"Yes, Donnerstags, 16 – 19 Uhr",No,No ,No,"Yes, open/active garden",No,Yes,No,"Yes, (Avid, 4 PC computer labs with Adobe, Gimp, Pinnacle Studio Ultimate HD, Lightworks, video equipment, animation trickbox, beamer, scanner, printer, internet)",No,"Yes, Medienwerkstatt with video recording/editing equipment",No,"Yes, student newspapers and video archive",No,No,No,,http://www.kubiz-wallenberg.de/,No,No,No,No,No,Yes,No,No,No,No,"Yes, open space available for all ",,"Yes, seasonally","Yes, for holzwerkstatt: Jeden 1. Mittwoch im Monat um 19.00",,,,,,,,2013-02-11 19:11:31+00,2013-03-11 16:45:30.817154+00,1,13.46993,52.55704,0101000020E61000008DD13AAA9AF02A402C4833164D474A40,220,0101000020110F0000E4A0A5BF49E13641763E82BDB9535A41,,119
KuLe,Auguststr.10  Berlin Mitte,Yes,Besetzt: 1990,No,No,No,No,No,Yes ,No,No,No,No,No,No,No,No,No,No,No,No,No,No,No,No,No,Yes,,http://www.kuletheater.de/,,,,,,,,,,,,,,,,,,,,,,2013-02-11 19:11:31+00,2013-03-11 16:45:30.817154+00,1,13.39414,52.52642,0101000020E61000004417D4B7CCC92A40ECFA05BB61434A40,26,0101000020110F0000FD802BD854C03641EE8E6B99404E5A41,,120
Kunste-Stoffe (Branch Pankow),"Berliner Str. 17, 13189 Berlin",No,,No,No,"Yes, cargo bike rental, EUR 3.00/per hour, EUR 12.00/per day, EUR 20.00/per weekend (Friday 5 pm until Monday 10.30 am), DEPOSIT: EUR 80.00","Yes, woodworking, metalworking (.75 euro/hr without machines, 2euro/hour w machines, 3.50 euro p/hr with machines and guidance)",No,"Yes, gallery, arists in residence program",No,"Yes, upcycling art classes",Yes,No,No ,No,No,No,Yes,No,No,Yes,No,No,No,No,No,No,,http://www.kunst-stoffe-berlin.de/,No,No,No,No,No,Yes ,No,No,No,No,No,"Wednesday 2pm-6pm, Friday 11am-6pm, every last Sunday of the month 3pm-7pm",No,No,,,,,,,,2013-02-11 19:11:31+00,2013-03-11 16:45:30.817154+00,1,13.41198,52.56563,0101000020E61000005036E50AEFD22A4078D1579066484A40,222,0101000020110F000027B7BCC816C83641D06D5EFC42555A41,,121
Kunste-Stoffe (Branch Tempelhof),See Website,No,,No,No,"Yes, cargo bike rental, EUR 3.00/per hour, EUR 12.00/per day, EUR 20.00/per weekend (Friday 5 pm until Monday 10.30 am), DEPOSIT: EUR 80.00","Yes, Woodowrking, metalworking (.75 euro/hr without machines, 2euro/hour w machines, 3.50 europ/hr with machines and guidance)",No,"Yes, gallery, arists in residence program",No,"Yes, upcycling art classes",Yes,No,No ,No,No,No,Yes,No,No,Yes,No,No,No,No,No,No,,http://www.kunst-stoffe-berlin.de/index.php?option=com_content&view=article&id=254&Itemid=44&lang=en,No,No,No,No,No,Yes,No,No,No,No,No,montags von 15 bis 19 Uhr,No,No,,,,,,,,2013-02-11 19:11:31+00,2013-03-11 16:45:30.817154+00,,25.941715,-33.70281,0101000020E61000001327F73B14F13940A0A696ADF5D940C0,178,0101000020110F0000C17C8640450846416CEE8111F36E4EC1,,122
Kurt-Lade-Klub,"Grabbeallee 33, 13156 Berlin",No,,No,No,No,No,No,"Yes (gallery, band practice room)",No,No,No,No,"Yes, Do 20:00, So 13:00 Katerfrühstück ",No,Yes (garden),No,No,No,"Yes, (sound recording, photo lab)",No,Yes,Yes,No,"Yes, jeden 4. Sonntag 17 Uhr",Yes,Yes,,http://kurtladeklub.jimdo.com/,No,yes,No,No,No,No,No,No,No,No,No,,,,,,,,,,,2013-02-11 19:11:31+00,2013-03-11 16:45:30.817154+00,1,13.39877,52.57483,0101000020E61000007940D9942BCC2A403D61890794494A40,106,0101000020110F0000B29CEF4058C23641BE87043EE8565A41,,123
KvU (Kirche von Unten),"Kremmener Str. 9-11, 10435 Berlin",Yes (?),,No,No,No,No,No,No,No,No,No,No,No,No,No,No,No,No,No,No,No,"Yes, So 17:00",No,No,Yes,Yes,,http://www.kvu-berlin.de/index.php?rubrik=Termine,No,No,No,No,No,Yes,No,No,No,No,No,,,,,,,,,,,2013-02-11 19:11:31+00,2013-03-11 16:45:30.817154+00,1,13.402367,52.539224,0101000020E6100000B1FA230C03CE2A40F19BC24A05454A40,107,0101000020110F0000A53E7CABE8C3364160B7F9608A505A41,,124
La Casa,"Wurzener Str. 6, 12627 Berlin",No,,No,No,No,No,No,No,No,No,No,No,No,No,No,No,No,No,No,No,No,No,No,No,No,No,,https://suburbanhell.org/la.casa,No,No,No,Yes,No,Yes,No,No,No,No,No,,,,,,,,,,,2013-02-11 19:11:31+00,2013-03-11 16:45:30.817154+00,1,13.61747,52.54223,0101000020E6100000B2852007253C2B407E74EACA67454A40,108,0101000020110F0000BCEA87D371213741467260ED13515A41,,125
Laster und Hänger,Modersohnstr. 2 10245 Berlin Friedrichshain,No,"1996, new location 2001",No,No,No,No,No,No,No,No,Yes,No,Yes ,No,No,Yes,Yes,No,No,No,No,No,No,No,No,No,,http://www.lasterundhaengerburg.de/,No,No,No,No,No,Yes,No,No,No,No,No,,No,No,No,Yes,No,No,No,http://media.de.indymedia.org/images/2009/02/242004.jpg,No,2013-02-11 19:11:31+00,2013-03-11 16:45:30.817154+00,1,13.45913,52.50752,0101000020E610000097395D1613EB2A407008556AF6404A40,186,0101000020110F0000C0D2847F97DC36411533CE3DE04A5A41,,126
LaVidaVerde,"Föhrer Str. 6
13353 Berlin",Yes,,Yes,No,No,No,No,No,No,No,No,No,No,No,No,Yes,No,No,No,No,No,No,No,No,No,No,Gekauft,http://lavidaver.de/,No,No,No,No,No,Yes,No,No,No,No,No,,No,No,No,Yes,No,No,No,,,2013-02-11 19:11:31+00,2013-03-11 16:45:30.817154+00,1,13.3478,52.54082,0101000020E6100000FC1873D712B22A40E882FA9639454A40,193,0101000020110F0000710E994C2EAC3641B40F4868D3505A41,,127
Lehrter Str. 54 HH,Lehrter Str. 54 HH  Berlin Moabit 10557,Yes,Besetzt: 5.5.1981,No,No,No,No,No,No,No,No,No,No,No,No,No,No,No,No,No,No,No,No,No,No,No,No,BA Kreuzberg IBP Nr.9 01.07.1981 Mietvertrag/Nutzungsvertrag,,,,,,,,,,,,,,,,,,,,,,,2013-02-11 19:11:31+00,2013-03-11 16:45:30.817154+00,1,13.36415,52.52801,0101000020E610000043AD69DE71BA2A4001FBE8D495434A40,21,0101000020110F0000F962755F4AB3364197020355894E5A41,,128
Leila,"Fehrbelliner
Straße 92
10119 Berlin ",No,,No,No,Yes,No,No,No,No,No,Yes,No,No,No,No,No,No,No,No,No,No,No,No,No,No,No,,http://www.leila-berlin.de/,http://www.youtube.com/embed/QijOSde0M4Q,No,No,No,No,Yes,No,No,No,No,No,,No,No,No,No,No,No,No,http://www.leila-berlin.de/uploads/pics/laden_aussen_mit_menschen.JPG,No,2013-02-11 19:11:31+00,2013-03-11 16:45:30.817154+00,1,13.40806,52.5314,0101000020E61000008D9C853DEDD02A40158C4AEA04444A40,187,0101000020110F000050DA666962C636418F18A369244F5A41,,129
Lotec,Brunnenstr. 7 10119 Berlin,No (?),,No,No,No,No,No,No,No,Yes,No,Yes,No,No,No,No,No,No,No,No,No,No,No,No,No,No,,No ,No,No,No,No,No,Yes,No,No,No,No,No,,,,,,,,,,,2013-02-11 19:11:31+00,2013-03-11 16:45:30.817154+00,1,13.400386,52.530772,0101000020E6100000718DCF64FFCC2A40F6D03E56F0434A40,109,0101000020110F000041325D250CC3364171F0D5AE074F5A41,,130
Lunte,"Weisestr. 53, 12049 Berlin",No (?),,No,No,No,No,No,No,No,Yes,No,No,"Do 20:00 (vegetarisch), Fr 20:00 (Fleisch und vegetarisch)",No,No,No,No,No,No,No,No,"Yes, Di 20:30",No,No,No,No,,http://www.dielunte.de/,No,"Yes, Sa 16:30 Red-Zombies-Neukölln-Stammtisch. Mini-Vokü ",No,No,No,Yes,Yes,No,No,No,jeden 1. und 3. So im Monat 19:30 ANNA-Solitresen,,,,,,,,,,,2013-02-11 19:11:31+00,2013-03-11 16:45:30.817154+00,1,13.42403,52.47772,0101000020E6100000B70BCD751AD92A409352D0ED253D4A40,210,0101000020110F0000DD341A2F54CD3641BE6E6A258E455A41,,131
Lychi,"Lychenerstr. 60, 10437 Berlin",No (?),,No,No,No,No,No,No,No,No,No,No,"Yes, jeden 1. Fr. des Monats ab 20:00 antirassistischer Abend mit Vokü",No,No,No,No,No,No,No,No,No,No,No,No,No,,No ,No,"Yes,  jeden 1. Fr. 20:0 antirassistischer Abend mit Vokü",No,No,No,No,No,No,No,No,No,,,,,,,,,,,2013-02-11 19:11:31+00,2013-03-11 16:45:30.817154+00,1,13.41959,52.54481,0101000020E610000010751F80D4D62A4052448655BC454A40,115,0101000020110F00001F96EAEC65CB36417D3685FD89515A41,,132
M29,"Malmöerstr. 29, 10439 Berlin",Yes ,Constructed 2010,Yes,No,No,No,No,Yes ,No,Yes,No,No,Yes,No,No,No,Yes,No,No,No,No,No,No,No,No,Yes,Gekauft 2010,http://hausprojekt-m29.org/,No,No,No,No,No,Yes,No,No,No,No,"Yes, open project rooms for solidarity  events",,,,,,,,,,,2013-02-11 19:11:31+00,2013-03-11 16:45:30.817154+00,1,13.40286,52.55363,0101000020E6100000AEBB79AA43CE2A40D00A0C59DD464A40,117,0101000020110F0000A847E58C1FC43641C18A56A71D535A41,,133
M 99,"Manteuffelstr. 99, 10997 Berlin",No(?),,No,No,No,No,No,No,No,No,No,No,No,No,No,No,No,No,No,No,No,No,No,No,No,No,,No ,No,No,No,No,No,No,No,Yes,No,No,No,,,,,,,,,,,2013-02-11 19:11:31+00,2013-03-11 16:45:30.817154+00,1,13.4281,52.501,0101000020E6100000D0D556EC2FDB2A40E3A59BC420404A40,116,0101000020110F0000FA301B4119CF36416295A525B6495A41,,134
Manne-Wetzel-Haus,Naunynstr. 36  10999 Berlin Kreuzberg,Yes,Besetzt: 7.2.1981,No,No,No,No,No,No,No,No,No,No,No,No,No,No,No,No,No,No,No,No,No,No,No,No,1981 Mietvertrag/Nutzungsvertrag,,No,No,No,No,No,Yes,No,No,No,,,,,,,,,,,,,2013-02-11 19:11:31+00,2013-03-11 16:45:30.817154+00,1,13.41925,52.50257,0101000020E61000002DB29DEFA7D62A40B1F9B83654404A40,60,0101000020110F0000D5F9AA1340CB3641558B64ECFD495A41,,135
Manteuffelstr. 39,Manteuffelstr. 39  10999 Berlin Kreuzberg,Yes,Besetzt: 2.9.1981,No,No,No,No,No,No,No,No,No,No,No,No,No,No,No,No,No,No,No,No,No,No,No,No,,,No,No,No,No,No,Yes,No,No,No,,,,,,,,,,,,,2013-02-11 19:11:31+00,2013-03-11 16:45:30.817154+00,1,13.42326,52.4957,0101000020E6100000F168E388B5D82A404850FC18733F4A40,131,0101000020110F000075E9CD77FECC3641208918DDC3485A41,,136
Manteuffelstr. 42,Manteuffelstr. 42  10999 Berlin Kreuzberg,Yes,Besetzt: 21.5.1981,No,No,No,No,No,No,No,No,No,No,No,No,No,No,No,No,No,No,No,No,No,No,No,No,,,No,No,No,No,No,Yes,No,No,No,,,,,,,,,,,,,2013-02-11 19:11:31+00,2013-03-11 16:45:30.817154+00,1,13.42326,52.4957,0101000020E6100000F168E388B5D82A404850FC18733F4A40,112,0101000020110F000075E9CD77FECC3641208918DDC3485A41,,137
Mehringhof,"Gneisenaustrasse 2a, 10961 Berlin",Yes ,,No,No,No,No,No,No,No,No,No,No,No,No,No,No,No,No,No,No,No,No,No,No,No,No,,No ,No,No,No,No,No,Yes,No,No,No,No,"Yes, open project rooms for solidarity  events",,,,,,,,,,,2013-02-11 19:11:31+00,2013-03-11 16:45:30.817154+00,1,13.38856,52.49203,0101000020E610000049111956F1C62A405053CBD6FA3E4A40,118,0101000020110F000059F480AEE7BD3641838C661C1C485A41,,138
Meuterei,"Reichenberger Str. 58, 10999 Berlin",Yes (?),,No,No,No,No,No,No,No,No,No,No,No,No,No,No,No,No,No,No,No,No,No,No,Yes,Yes,,http://www.meuterei.tk/,No,No,No,No,No,No,No,No,No,No,No,,,,,,,,,,,2013-02-11 19:11:31+00,2013-03-11 16:45:30.817154+00,1,13.42877,52.4958,0101000020E61000000803CFBD87DB2A40ACADD85F763F4A40,119,0101000020110F00002812A0D663CF3641AF1A4D6FC8485A41,,139
Müßiggang,"Oranienstr. 14a (Heinrichplatz), 10999 Berlin",No,,No,No,No,No,No,No,No,No,No,No,No,No,No,No,No,No,No,No,No,No,Yes,No,No,No,,http://www.muessiggang.net/,No,Yes ,No,No,No,no,No,No,No,No,No,,,,,,,,,,,2013-02-11 19:11:31+00,2013-03-11 16:45:30.817154+00,1,13.42254,52.50038,0101000020E6100000F180B22957D82A4047C9AB730C404A40,120,0101000020110F00002F536551AECC364167F68ECD99495A41,,140
Mutesius Villa,"Limastr. 29, 14163 Berlin Zehlendorf",Yes,Besetzt: 19.4.1981,No,No,No,No,No,No,No,No,No,No,No,No,No,No,No,No,No,No,No,No,No,No,No,No,,,,,,,,,,,,,,,,,,,,,,,,2013-02-11 19:11:31+00,2013-03-11 16:45:30.817154+00,1,13.23005,52.44304,0101000020E6100000BDE3141DC9752A40F168E388B5384A40,7,0101000020110F00003F0EDE6DFA78364192FF46285E3F5A41,,141
New Yorck 59,Mariannenplatz 2 10999 Berlin Kreuzberg,Yes (nonresidential),Besetzt: 11.6.2005,No,No,No,No,No,No,No,No,No,No,No,No,No,No,No,No,No,No,No,Yes,No,No,Yes,Yes,,http://www.newyorck.net/,No,Yes,No,No,No,Yes,No,No,No,,,,,,,,,,,http://www.indymedia.org/images/2007/01/877843.jpg,,2013-02-11 19:11:31+00,2013-03-11 16:45:30.817154+00,1,13.42383,52.50234,0101000020E61000009B20EA3E00D92A407FBC57AD4C404A40,62,0101000020110F000073608BEB3DCD3641F68C8268F3495A41,,142
NFJ Laden,"Gryphiusstraße 23, 10245 Berlin",No (?),,No,No,No,No,No,Yes ,No,No,No,No,No,No,No,No,No,No,No,No,No,No,No,No,No,No,,http://ngbk.de/development/index.php?lang=en,No,"Yes, http://jourfixe.net/ ",No,No,No,Yes,No,Yes,No,No,No,,,,,,,,,,,2013-02-11 19:11:31+00,2013-03-11 16:45:30.817154+00,1,13.46371,52.50914,0101000020E610000005A8A9656BED2A40F08AE07F2B414A40,121,0101000020110F00005239655795DE36417EC48E502A4B5A41,,143
NGBK,"Oranienstrasse 25, 10999 Berlin",No,,No,No,No,No,No,No,No,No,No,No,No,No,No,No,No,No,No,No,No,No,No,"Yes, Do 16:00-18:00",No,No,,No ,No,No,No,No,No,no,No,No,No,No,No,,,,,,,,,,,2013-02-11 19:11:31+00,2013-03-11 16:45:30.817154+00,1,13.42073,52.50101,0101000020E610000065E42CEC69D72A40077C7E1821404A40,122,0101000020110F0000108465D4E4CB3641D26BAE9AB6495A41,,144
O 3,Oranienstr 3  10999 Berlin Kreuzberg,Yes,Besetzt: 5.1.1981,No,No,No,No,No,No,No,No,No,No,No,No,No,No,No,No,No,No,No,No,No,No,No,No,,,No,No,No,No,No,Yes,No,No,No,,,,,,,,,,,,,2013-02-11 19:11:31+00,2013-03-11 16:45:30.817154+00,1,13.41929,52.50128,0101000020E61000006614CB2DADD62A40C7116BF129404A40,111,0101000020110F00008657948744CB3641B79C9FF2C2495A41,,145
Offene Werkstatt (XB Liebig),"Liebigstr. 34, 10247 Berlin",Yes ,,No,No,No,"Yes, Mi: Holz- und Schweiss, Do: Holz, Holz-, Schweiss- 18:00-20:00",No,No,No,No,No,No,No,No,No,No,No,No,No,No,No,"Yes, Di 19:30 Politfilme",No,No,No,No,,No ,No,No,No,Yes,No,Yes,No,No,No,No,No,,,,,,"Yes, Mi: Holz- und Schweiss, Do: Holz, Holz-, Schweiss- 18:00-20:00",,,,,2013-02-11 19:11:31+00,2013-03-11 16:45:30.817154+00,1,13.45707,52.51804,0101000020E610000027F73B1405EA2A408A027D224F424A40,123,0101000020110F0000207A122EB2DB3641FB6C1C4FC14C5A41,,146
Öko-Garten am Buschgraben,Ludwigsfelder Str. 30 (Eingang Idsteiner Weg) 14165 Berlin,No,,No,No,No,No,No,No,No,No,No,No,No,No,"Yes, Community Garden",No,No,No,No,No,No,No,No,No,No,No,,http://www.stiftung-interkultur.de/prop2c.htm,No,No,No,No,No,Yes,No,No,No,No,No,Email: gerhard.borne@freenet.de,No,No,No,No,,,,,,2013-02-11 19:11:31+00,2013-03-11 16:45:30.817154+00,1,13.24257,52.42331,0101000020E610000040FB9122327C2A40EE08A7052F364A40,223,0101000020110F0000AD9831266C7E36416FAEB78ED93B5A41,,147
Omayra,"Engeldamm 68, 10179 Berlin",No,,No,No,No,No,No,No,No,No,No,No,No,No,No,No,No,No,No,No,No,No,No,No,No,No,,No ,No,No,No,No,No,no,No,No,No,No,No,,,,,,,,,,,2013-02-11 19:11:31+00,2013-03-11 16:45:30.817154+00,1,13.42075,52.50591,0101000020E61000008195438B6CD72A40145CACA8C1404A40,124,0101000020110F0000E9325A0EE7CB364110BBCCA0964A5A41,,148
Oranienstr. 3 / 4 HH,Oranienstr. 3 / 4 HH  10999 Berlin Kreuzberg,Yes,Besetzt: 2.5.1981,No,No,No,No,No,No,No,No,No,No,No,No,No,No,No,No,No,No,No,No,No,No,No,No,,,No,No,No,No,No,Yes,No,No,No,,,,,,,,,,,,,2013-02-11 19:11:31+00,2013-03-11 16:45:30.817154+00,1,13.38362,52.49383,0101000020E6100000DC2E34D769C42A4050E449D2353F4A40,110,0101000020110F0000A5426CC3C1BB364148FDBE626E485A41,,149
Papiertiger,Cuvrystr. 25 10997 Berlin ,Yes (?),,No,No,No,No,"Yes, letzten Fr im Monat 14:30-18:00 Frauentag",No,No,No,No,No,No,No,No,No,No,No,No,No,No,No,Yes,No,No,No,,http://www.archiv-papiertiger.de/,No,No,No,No,No,Yes,No,No,No,No,No,,,,,,,,,http://www.justseeds.org/blog/images/papier2.jpg,,2013-02-11 19:11:31+00,2013-03-11 16:45:30.817154+00,1,13.4428,52.49678,0101000020E61000006D567DAEB6E22A4048A7AE7C963F4A40,125,0101000020110F00001C2D9DA67DD53641A454743BF5485A41,,150
Phoenixhaus,Waldemarstr. 41 10999 Berlin Kreuzberg,Yes,Besetzt: 26.1.1981,No,No,No,No,No,No,No,No,No,No,No,No,No,No,No,No,No,No,No,No,No,No,No,No,März 1981 28.04.1982 legaliziert,,No,No,No,No,No,Yes,No,No,No,,,,,,,,,,,,,2013-02-11 19:11:31+00,2013-03-11 16:45:30.817154+00,1,13.419919,52.503448,0101000020E610000024F0879FFFD62A40499EEBFB70404A40,2,0101000020110F0000DD6BB08C8ACB3641B1007E10264A5A41,,151
Potse,"Potsdamer Str. 180, 10783 Berlin",Yes (?),,No,No,No,No,No,No,No,No,No,No,No,No,No,No,No,No,"Yes, (photo lab)",No,No,No,No,No,No,No,,http://www.potse-berlin.de/,No,No,No,No,No,Yes,No,No,No,No,No,Mi + Sa 16:00-18:00,,,,,,,,,,2013-02-11 19:11:31+00,2013-03-11 16:45:30.817154+00,1,13.36074,52.49393,0101000020E6100000D4B7CCE9B2B82A40B3412619393F4A40,126,0101000020110F000098F0FEC5CEB136418DD1E6F472485A41,,152
Prinzenallee 58,Prinzenallee 58  Berlin Wedding 13359,Yes,Besetzt: 27.2.1981,No,No,No,No,No,No,No,No,No,No,No,No,No,No,No,No,No,No,No,No,No,No,No,No,,,,,,,,,,,,,,,,,,,,,,,,2013-02-11 19:11:31+00,2013-03-11 16:45:30.817154+00,1,13.385599,52.557868,0101000020E610000098BD6C3B6DC52A4012BEF73768474A40,22,0101000020110F0000C9708C109EBC364128386EA4DF535A41,,153
Prinzenallee 58,Prinzenallee 58  13359 Berlin Wedding,Yes,Besetzt: 27.2.1981,Yes,No,No,No,No,No,No,No,No,No,No,No,No,No,No,No,No,No,No,No,No,No,No,No,,"http://www.dickesbee.org/, ",,,,,,,,,,,,,,,,,,,,,,2013-02-11 19:11:31+00,2013-03-11 16:45:30.817154+00,1,13.385599,52.557868,0101000020E610000098BD6C3B6DC52A4012BEF73768474A40,39,0101000020110F0000C9708C109EBC364128386EA4DF535A41,,154
Prinzessinnengarten,Prinzenstrasse 35 – 38 / Prinzessinnenstrasse 15,No,2009,No,No,No,No,No,No,No,"Yes, during garden season:  April-October, Open container workshop, Urban Farming and Local Empowerment, Vermicompost, city bees, canning, seasonal cooking, recycling, raising potato varieties in rice sacks, Open Garden Learning:Thursdays15:00—8:00, and Saturday, 11:00—14:00 o'clock",No,No,No,No,"Yes, garden",No,"Yes, “Beetpatenschaft” garden for children, services to help schools and youth groups start their own gardens",No,No,No,No,No,"Yes, Gardening books library",No,"Yes,  every day from noon to 10 pm, made with veggies grown in garden",No,,http://prinzessinnengarten.net/,"http://prinzessinnengarten.net/musik/,  http://www.architekturclips.de/prinzessinnengarten, http://prinzessinnengarten.net/fotogallerie/",,No,No,No,Yes,No,No,No,No,No,,No,No,Yes,Yes?,,,,,,2013-02-11 19:11:31+00,2013-03-11 16:45:30.817154+00,1,13.32155,52.42547,0101000020E6100000BF0E9C33A2A42A40EDB60BCD75364A40,177,0101000020110F0000B3A79E29C4A03641FDEF37223C3C5A41,,155
Projekt-Archiv,"Lychener Strasse 60, 10437 Berlin",No,,No,No,No,No,No,No,No,No,No,No,No,No,No,No,No,No,No,No,No,No,Yes,No,No,No,,No ,No,No,No,No,No,Yes,No,No,No,No,"Yes, Do  20:00 Soli-Cocktailtresen",,,,,,,,,,,2013-02-11 19:11:31+00,2013-03-11 16:45:30.817154+00,1,13.41959,52.54481,0101000020E610000010751F80D4D62A4052448655BC454A40,127,0101000020110F00001F96EAEC65CB36417D3685FD89515A41,,156
Projektraum H48 (Neukölln),"Hermannstr. 48, 12049 Berlin",No,Established 2006,No,"Yes, help with free/open source software on request",No,No,"Yes, 1. Do im Monat:  FrauenLesbenTrans-Abend, 2nd Mi pro Monat, 19 uhr Queer und Kind Treffen",No,No,No,No,No,No,No,No,No,No,No,No,No,No,No,No,No,No,No,,http://projektraum.h48.de/,No,"Yes, Do cocktailtresen (different themes per night)",No,No,No,Yes,No,No,No,No,"Yes, open project rooms for solidarity  events, 5th Do im Monat: Soli-Abend  (für Aktuelles und Spontanes) ",,,,,,,,,,,2013-02-11 19:11:31+00,2013-03-11 16:45:30.817154+00,1,13.42556,52.47842,0101000020E6100000B6F81400E3D92A404CE0D6DD3C3D4A40,211,0101000020110F00003074B880FECD3641AEAF8F21AE455A41,,157
Projektwerkstatt W.u.T.,"Wurzener Str. 6, 12627 Berlin",No,,No,No,No,No,Yes,No,No,No,No,No,Yes,No,No,No,No,No,No,No,No,No,Yes,No,Yes,No,,https://suburbanhell.org/wut,No,Yes ,No,No,No,Yes,No,No,No,No,No,,No,,,,,,,,,2013-02-11 19:11:31+00,2013-03-11 16:45:30.817154+00,1,13.61747,52.54223,0101000020E6100000B2852007253C2B407E74EACA67454A40,128,0101000020110F0000BCEA87D371213741467260ED13515A41,,158
RAW-Tempel,"Revaler Str. 99, 10245 Berlin",Yes ,"July, 1999",No,No,No,No,"Yes, health services Do 13:00-15:00 nur für Frauenlesbentrans",Yes ,No,Yes,No,No,No,"Yes, health clinic and rock climbing",No,No,No,No,No,No,No,No,No,No,No,Yes,,http://www.raw-tempel.de/index.html,http://www.youtube.com/embed/Mt9QggVP1ss,No,No,No,No,Yes,No,No,No,No,No,"Health Center: Mo 12:00-14:00, Di 11:00-13:00, Mi 15:00-17:00, Do 13:00-15:00 nur für Frauenlesbentrans","Yes, Sonntags",,,,,,Yes,,,2013-02-11 19:11:31+00,2013-03-11 16:45:30.817154+00,1,13.45184,52.50815,0101000020E61000009E0C8E9257E72A4030BB270F0B414A40,185,0101000020110F000039E1A1FA6BD936411445200CFD4A5A41,,159
Regenbogenfabrik,Lausitzerstr. 22/23  10999 Berlin Kreuzberg,Yes (nonresidential?),Besetzt: 17.3.1981,No,No,No,Yes,Yes,Yes ,Yes $,Yes,No,No,No,No,No,No,Yes,No,No,No,No,Yes,No,Yes,Yes,No,,http://www.regenbogenfabrik.de/index.html,No,No,No,No,No,Yes,No,No,No,,,,,,,,,,,http://cdn2.venyoobot.de/images/gj/xp/gjxpt4_591_431.jpg,,2013-02-11 19:11:31+00,2013-03-11 16:45:30.817154+00,1,13.42697,52.4957,0101000020E61000000ABFD4CF9BDA2A404850FC18733F4A40,63,0101000020110F00007B9A9A769BCE3641208918DDC3485A41,,160
Reichenberger Str. 114,Reichenberger Str. 114  Berlin Kreuzberg,Yes,Besetzt: 1988,No,No,No,No,No,No,No,No,No,No,No,No,No,No,No,No,No,No,No,No,No,No,No,No,,,No,No,No,No,No,Yes,No,No,No,,,,,,,,,,,,,2013-02-11 19:11:31+00,2013-03-11 16:45:30.817154+00,1,13.43434,52.49457,0101000020E610000075B0FECF61DE2A4097CADB114E3F4A40,132,0101000020110F0000594750E3CFD1364135DBF53590485A41,,161
Reichenberger Str. 63a (Sfl. + HH),Reichenberger Str. 63A  10999 Berlin Kreuzberg,Yes,Besetzt: 18.2.1981,No,No,No,No,No,No,No (?),No,No,No,No,No,No,No,No,No,No,No,No,No,No,No,No,No,,http://reiche63a.blogsport.de/,No,Yes,No,No,No,Yes,No,No,No,,,,,,,,,,,,,2013-02-11 19:11:31+00,2013-03-11 16:45:30.817154+00,1,13.41919,52.49894,0101000020E6100000D89E5912A0D62A4047551344DD3F4A40,66,0101000020110F000058EDCC6539CB36414B561AF957495A41,,162
Rigaer Str. 77,Rigaer Str. 77  Berlin Friedrichshain,Yes,Besetzt: 1990,No,No,No,No,No,No,No,No,No,No,No ,No,No,No,No,No,No,No,No,No,No,No,No,No,,No ,No,No,No,No,No,No ,No,No,No,No,No,,No,,,,,,,,,2013-02-11 19:11:31+00,2013-03-11 16:45:30.817154+00,1,13.46445,52.51662,0101000020E61000002041F163CCED2A40D23AAA9A20424A40,166,0101000020110F00006F7EC2B7E7DE3641EAE7085E804C5A41,,163
Rigaer Str. 95,Rigaer Str. 95  Berlin Friedrichshain,Yes,Besetzt: 1990,No,No,No,No,No,No,No,No,No,No,No ,No,No,No,No,No,No,No,No,No,No,No,No,No,,No ,No,No,No,No,No,No ,No,No,No,No,No,,No,,,,,,,,,2013-02-11 19:11:31+00,2013-03-11 16:45:30.817154+00,1,13.45776,52.51782,0101000020E61000007CD5CA845FEA2A407C9BFEEC47424A40,164,0101000020110F0000260A8CFDFEDB3641811D5C3FB74C5A41,,164
Rigaer Str. 96,Rigaer Str. 96  Berlin Friedrichshain,Yes,Besetzt: 1990,No,No,No,No,No,No,No,No,No,No,No ,No,No,No,No,No,No,No,No,No,No,No,No,No,,No ,No,No,No,No,No,No ,No,No,No,No,No,,No,,,,,,,,,2013-02-11 19:11:31+00,2013-03-11 16:45:30.817154+00,1,13.4575,52.51786,0101000020E61000000AD7A3703DEA2A400AF4893C49424A40,158,0101000020110F000032291F0CE2DB36417461AD13B94C5A41,,165
Rigaerstraße 103 ,Rigaer Str. 103  Berlin Friedrichshain,Yes,Besetzt: 1990,No,No,No,No,No,No,No,No,No,No,No ,No,No,No,No,No,No,No,No,No,No,No,No,No,,No ,No,No,No,No,No,No ,No,No,No,No,No,,No,,,,,,,,,2013-02-11 19:11:31+00,2013-03-11 16:45:30.817154+00,1,13.45522,52.51827,0101000020E610000062F8889812E92A40BC3FDEAB56424A40,162,0101000020110F00005C4D293DE4DA3641E9A4F4D3CB4C5A41,,166
Rosa Rose,"Kinzigstr. 11-15, 10247 Berlin",No,"May, 2004",No,No,No,No,No,No,No,No,No,No,No,No,"Yes, garden",No,Yes,No,No,No,No,No,No,No,No,No,,http://www.rosarose-garten.net/en/home,http://www.rosarose-garten.net/en/video,No,No,No,No,Yes,No,No,No,No,No,,No,,,,,,,,,2013-02-11 19:11:31+00,2013-03-11 16:45:30.817154+00,1,13.465882,52.51359,0101000020E61000001497E31588EE2A40BDC62E51BD414A40,114,0101000020110F0000E031982087DF36412D5332CDF54B5A41,,167
Rote Insel,"Mansteinstr. 10, 10783 Berlin",Yes ,,No,No,No,No,No,No,No,No,No,No,"Mo19:00 Vokü (vegi und Fleisch), 2. und 4. Do 20:00 Vokü (vegan), Fri 21:00 Steinofenpizza",No,No,No,No,No,No,No,No,No,No,No,No,No,,No ,No,No,No,No,No,Yes,No,No,No,No,No,,No,,,,,,,,,2013-02-11 19:11:31+00,2013-03-11 16:45:30.817154+00,1,13.36675,52.49173,0101000020E6100000B29DEFA7C6BB2A40253B3602F13E4A40,130,0101000020110F00004D2CB6CD6BB436419BEE17660E485A41,,168
Rote Insel,Mansteinstr. 10 Berlin Schöneberg  10783,Yes,Besetzt: 7.1.1981,No,No,No,No,No,No,No,No,No,No,Yes: Monday/Friday 19:00,No,No,No,No,No,No,No,No,No,No,No,No,Yes,,http://www.myspace.com/roteinsel,,,,,,,,,,,,,,,,,,,,,,2013-02-11 19:11:31+00,2013-03-11 16:45:30.817154+00,1,13.36652,52.4918,0101000020E6100000EBA86A82A8BB2A401E166A4DF33E4A40,18,0101000020110F00009951383352B4364144BA299911485A41,,169
Rotes Café,"Harnackstraße 1a, 14195 Berlin",Yes (?),,No,No,No,No,"Yes, Women's only room","Yes, band practice room",No,No,No,"Yes, wifi cafe, workspace","Yes, Mo-Fr 10:00-18:00, Mi ab 12:00 vegane Vokü",No,No,No,No,No,No,No,No,No,No,No,Yes,No,,http://rotescafe.blogsport.de/,No,No,No,No,No,Yes,No,Yes,No,No,"Yes, donate extra funds to other projects, open project room for meetings, solidarity events",,No,,,,,,,,,2013-02-11 19:11:31+00,2013-03-11 16:45:30.817154+00,1,13.27843,52.44848,0101000020E6100000587380608E8E2A407E74EACA67394A40,129,0101000020110F0000862AEE10048E3641E2972E8B56405A41,,170
Rummelplatz,"Friedenstr.85- 88
10249 Berlin",No,,,No,No,No,No,No,No,No,No,No,No,No,No,Yes,No,No,No,No,No,No,No,No,No,No,,http://rummelplatz.blogsport.de/,http://www.youtube.com/watch?feature=player_embedded&v=ZDdePY6BWww,No,,,,Yes,,No,No,No,No,,No,No,No,Yes,No,No,No,"http://www.berliner-kurier.de/image/view/2011/11/5/11265342,8509127,highRes,maxh,480,maxw,480,71-27541020.jpg.jpg",No,2013-02-11 19:11:31+00,2013-03-11 16:45:30.817154+00,1,13.436506,52.521261,0101000020E6100000FB03E5B67DDF2A4013D731AEB8424A40,197,0101000020110F00000DA58601C1D23641805EED9F544D5A41,,171
Sama-Café,"Samariterstr. 32, 10247 Berlin",Yes ,,No,Di 20:00 Hacker's Lounge,No,No,No,No,No,No,No,No,no,No,No,No,No,No,No,No,No,"Mo 21:30, Mi 21:30 Filmclub",No,No,No,No,,http://www.sama32.squat.net/,No,"Do 20:00 Schwarze Zone, Sa 20:00 Saturday Night Lounge, 3. Sa Kickerturnier, jeden 2 So 19:00 offene plenum",No,No,No,Yes,No,No,No,No,No,,No,,,,,,,,,2013-02-11 19:11:31+00,2013-03-11 16:45:30.817154+00,1,13.46512,52.51678,0101000020E6100000596E693524EE2A400A9DD7D825424A40,212,0101000020110F00009D5F474D32DF3641678641AF874C5A41,,172
Samariter Str. 33,Samariter Str. 33  Berlin Friedrichshain,Yes,Besetzt: 1990,No,No,No,No,No,No,No,No,No,No,No ,No,No,No,No,No,No,No,No,No,No,No,No,No,,No ,No,No,No,No,No,No ,No,No,No,No,No,,No,,,,,,,,,2013-02-11 19:11:31+00,2013-03-11 16:45:30.817154+00,1,13.46503,52.5166,0101000020E61000005951836918EE2A408A8EE4F21F424A40,163,0101000020110F0000D44C7A4828DF364188F3E1737F4C5A41,,173
SBZ Krähenfuß,"Dorotheenstr. 17, 10117 Berlin",No,,No,No,No,No,Di ab 16:00 LesBiSchwules Café,No,No,No,No,No,No ,No,No,No,No,No,No,No,No,No,No,No,Yes,No,,No ,No,"Mi Hummel-Antifa, Do SaU (Seminar für angewandte Unsicherheit) und abends meist Veranstaltungen",No,No,No,Yes,No,No,No,No,No,,No,,,,,,,,,2013-02-11 19:11:31+00,2013-03-11 16:45:30.817154+00,1,13.39349,52.51909,0101000020E6100000289B728577C92A401FD7868A71424A40,135,0101000020110F0000A84E9B7C0CC036411B93A554F14C5A41,,174
Scharni 38,"Scharnweber Str. 38, Berlin",Yes ,,No,No,No,No,No,No,No,No,No,No,No ,No,No,No,No,No,No,No,No,No,No,No,No,No,,No ,No,No,No,No,No,Yes,No,No,No,No,No,,No,,,,,,,,,2013-02-11 19:11:31+00,2013-03-11 16:45:30.817154+00,1,13.53435,52.45936,0101000020E6100000363CBD5296112B40978BF84ECC3A4A40,136,0101000020110F0000A87B41F34CFD3641982C8E6847425A41,,175
Schato Pillenknick Bülowstr. 54,Bülowstr. 54  Berlin Schöneberg 10783,Yes,Besetzt: 6.2.1981,No,No,No,No,No,No,No,No,No,No,No,No,No,No,No,No,No,No,No,No,No,No,No,No,,,,,,,,,,,,,,,,,,,,,,,,2013-02-11 19:11:31+00,2013-03-11 16:45:30.817154+00,1,13.36705,52.49472,0101000020E61000005DFE43FAEDBB2A40AC5626FC523F4A40,15,0101000020110F0000E66A0C338DB43641C76A391197485A41,,176
Scherer8,"Schererstr 8, 13347 Berlin",Yes ,,No,jeden 2.+4. Do 21:00 8bit-Tresen,No,No,No,No,No,No,"Yes, So 13:00—14:00 ",No,"Yes, So 13:00 Vegan-Brunch",No,No,No,No,No,No,No,No,Di 21:00 Filmabend,No,No,No,No,,No ,No,No,No,No,No,Yes,"Yes, Mi 10:00-13:00, Do 15:00-18:00 Sozialberatung zu Hartz IV durch die Gruppe ""Basta!""","Yes, Do 19:00-21:00",No,No,No,,No,Di 19:00 Veranstaltungsplenum in der Kneipe Eingang Schererstr,,,,,,,,2013-02-11 19:11:31+00,2013-03-11 16:45:30.817154+00,1,13.36696,52.54815,0101000020E61000005DE15D2EE2BB2A40B5A679C729464A40,213,0101000020110F00001E583F2E83B43641B8EE89D722525A41,,177
Schlie 40,"Schliemannstr. 40 HH (2. Durchfahrt), 10437 Berlin",Yes,,No,No,No,No,No,No,No,No,No,No,No ,No,No,No,No,No,No,No,No,Do 20:30,No,No,"Yes, Fr 21:00",No,,No ,No,No,No,No,No,No ,No,No,No,No,No,,No,,,,,,,,,2013-02-11 19:11:31+00,2013-03-11 16:45:30.817154+00,1,13.416692,52.540831,0101000020E6100000790261A758D52A40DCD440F339454A40,137,0101000020110F00007F6C525223CA364185DE22E9D3505A41,,178
Schnarup Thumby,Scharnweber Str.38  Berlin Friedrichshain,Yes,Besetzt: 1990,No,No,No,No,No,No,No,No,No,No,No ,No,No,No,No,No,No,No,No,No,No,No,No,No,,schnarupthumby.blogsport.de,No,No,No,No,No,No ,No,No,No,No,No,,No,,,,,,,,,2013-02-11 19:11:31+00,2013-03-11 16:45:30.817154+00,1,13.46412,52.51286,0101000020E6100000CBD6FA22A1ED2A409AB67F65A5414A40,165,0101000020110F000098397DFBC2DE3641AA054D6BD44B5A41,,179
Schoko-Fabrik,Mariannenstr. 6  10999 Berlin Kreuzberg,Yes,Besetzt: 6.5.1981,No,No,No,No,No,No,No,No,No,No,No,No,No,No,No,No,No,No,No,No,No,No,No,No,,,No,No,No,No,No,Yes,No,No,No,,,,,,,,,,,,,2013-02-11 19:11:31+00,2013-03-11 16:45:30.817154+00,1,13.42307,52.50024,0101000020E610000062D68BA19CD82A40551344DD07404A40,61,0101000020110F00007D6C3951E9CC3641FEDD196793495A41,,180
Schokoladen,Ackerstr. 169  Berlin Mitte,Yes,Besetzt: 1990,No,No,No,No,No,No,No,No,No,No,No,No,No,No,No,No,No,No,No,No,No,No,Yes,Yes,,http://www.schokoladen-mitte.de,,,,,,,,,,,,,,,,,,,,,,2013-02-11 19:11:31+00,2013-03-11 16:45:30.817154+00,1,13.39713,52.52986,0101000020E61000005E85949F54CB2A40B2BAD573D2434A40,27,0101000020110F0000BE9B8FB0A1C13641B6362AF6DD4E5A41,,181
Schöneberger Jungarbeiter- und Schülerzentrum SJSZ,?? HabsburgerStr. / Hohenstaufenstr. 10781 Berlin Schöneberg,Yes,Besetzt: 30.10.1976,No,No,No,No,No,No,No,No,No,No,No,No,No,No,No,No,No,No,No,No,No,No,No,No,,,,,,,,,,,,,,,,,,,,,,,,2013-02-11 19:11:31+00,2013-03-11 16:45:30.817154+00,1,13.34293,52.48555,0101000020E610000073A25D8594AF2A4052499D80263E4A40,11,0101000020110F0000ADC05C2C10AA36412A1B18F3F3465A41,,182
Schreina47,"Schreinerstr. 47, 10245 Berlin",Yes,,No,No,No,No,No,No,No,No,No,No,"Yes, Mo, Di, Do, 20:00",No,No,No,No,No,No,No,No,No,No,No,No,No,,No ,No,No,No,No,No,No ,No,No,No,No,No,,No,,,,,,,,,2013-02-11 19:11:31+00,2013-03-11 16:45:30.817154+00,1,13.467176,52.517029,0101000020E6100000C3F352B131EF2A40B30A9B012E424A40,138,0101000020110F0000B0FBBB2C17E03641DF4F7812934C5A41,,183
Schwarzer Kanal,"Kiefholzstr. 74, 12057 Berlin",No,,No,No,No,No,"Yes, Women/trans/queer Mi 15:00-19:00 DIY Fahrradwerkstatt für Women/trans queer ","Yes, artgroup 1st Do im Monat 18 uhr ",No,Yes,No,No,"Yes, women/lesbian/feminist space",No,"Yes, garden",Yes,No,No,No,No,No,Yes,No,No,No,No,,http://www.schwarzerkanal.squat.net/,No,No,No,No,No,No ,No,No,No,No,No,"Mittwochs und Freitags 14.00 - 19.00 Uhr, und nach Vereinbarung",No,,,Yes,,,,,,2013-02-11 19:11:31+00,2013-03-11 16:45:30.817154+00,1,13.463008,52.482622,0101000020E61000009F9273620FED2A40412AC58EC63D4A40,139,0101000020110F0000A573F23147DE3641854091246E465A41,,184
"Sophie-Charlotten-Straße 113
","Sophie-Charlotten-Straße 113
14059  Berlin",No,,Yes,No,No,No,No,No,No,No,No,No,No,No,No,No,No,No,No,No,No,No,No,No,No,No,,No ,No,No,No,No,No,Yes,No,No,No,No,No,,No,No,No,No,No,No,No,,,2013-02-11 19:11:31+00,2013-03-11 16:45:30.817154+00,1,13.28625,52.5212,0101000020E6100000C3F5285C8F922A406D567DAEB6424A40,196,0101000020110F00005A35A5956A9136410F21B0D5514D5A41,,185
Spinnboden,"Anklamer Str. 38, 10115 Berlin",No,1982,No,No,No,No,"Yes, women/trans/queer space",No,No,No,No,No,No ,"Yes, psychology help for women, lesbian, trans",No,No,No,No,No,No,No,No,Yes,No,No,No,,http://www.spinnboden.de/,http://www.spinnboden.de/wir/videotrailer.html,No,No,No,No,Yes,No,No,No,No,No,,No,,,,,,,,,2013-02-11 19:11:31+00,2013-03-11 16:45:30.817154+00,1,13.39926,52.53524,0101000020E6100000B13385CE6BCC2A406AC18BBE82444A40,207,0101000020110F00004F58DACC8EC236417683F517D44F5A41,,186
Sredzkistr. 36,Sredzkistr. 36  Berlin Prenzlauer Berg,Yes,Besetzt: 1989,No,No,No,No,No,No,No,No,No,No,No,No,No,No,No,No,No,No,No,No,No,No,No,No,,,,,,,,,,,,,,,,,,,,,,,,2013-02-11 19:11:31+00,2013-03-11 16:45:30.817154+00,1,13.41824,52.53815,0101000020E610000012C2A38D23D62A40D42B6519E2444A40,33,0101000020110F00005E7CE6A4CFCA3641FDA0AE3C59505A41,,187
Subversiv,Brunnenstraße 6/7  Berlin Mitte,Yes,Besetzt: 1990,No,No,No,No,No,No,No,No,No,No,"Yes, Fr 20:00 ""Vokü around the world""; Mi und So 20:00 vegane Vokü mit Punktresen
",No,No,No,No,No,No,No,No,No,No,No,Yes,Yes,,http://subversiv.squat.net/,,,,,,,,,,,,,,,,,,,,,,2013-02-11 19:11:31+00,2013-03-11 16:45:30.817154+00,1,13.40071,52.53066,0101000020E61000003E5C72DC29CD2A40CEA5B8AAEC434A40,202,0101000020110F00003FDCA53630C33641CC94298F024F5A41,,188
Subversiv,"Brunnenstr. 7 HH, 10119 Berlin",Yes,,,No,No,No,No,No,No,No,No,No,"Yes, Mi und So 20:00 vegane Vokü mit Punktresen",No,No,No,No,No,No,No,No,No,No,No,No,No,,No ,No,No,No,No,No,Yes,No,No,No,No,No,,No,,,,,,,,,2013-02-11 19:11:31+00,2013-03-11 16:45:30.817154+00,1,13.511129,52.457641,0101000020E61000000A1346B3B2052B408527F4FA933A4A40,140,0101000020110F00002B1E150034F33641295FBFE5F8415A41,,189
Supamolly,"Jessnerstr. 41, 10247 Berlin",Yes,,No,No,No,No,No,No,No,No,No,No,"Yes, So ab 16:00 Kaffee und Kuchen",No,No,No,No,No,No,No,No,"Di Kino ab 21:00;  Cocktailbar",No,No,Yes,No,,http://supamolly.de/,No,No,No,No,No,Yes,No,No,No,No,"Yes, host soliparty",Di-So ab 20:00,No,,,,,,,,,2013-02-11 19:11:31+00,2013-03-11 16:45:30.817154+00,1,13.47152,52.51065,0101000020E6100000E1D1C6116BF12A40E8D9ACFA5C414A40,141,0101000020110F0000C0EC21BFFAE13641F052585C6F4B5A41,,190
Syndikat,"Weisestr. 56, 12049 Berlin",Yes (?),,No,No,No,No,No,No,No,No,No,No,No ,No,No,No,No,No,No,No,No,No,No,No,Yes,No,,No ,No,No,No,No,No,Yes,No,No,No,No,"Yes, monthly soliparties",Taglich ab 20:00 uhr,No,,,,,,,,,2013-02-11 19:11:31+00,2013-03-11 16:45:30.817154+00,1,13.42388,52.47821,0101000020E610000062DBA2CC06D92A40614F3BFC353D4A40,142,0101000020110F00008B156F7C43CD3641C99B1A89A4455A41,,191
Systemfehler,"Jessnerstr. 41, 10247 Berlin",No,,No,No,No,No,No,Yes ,No,"Yes, drawing, painting, mediation evening",Yes,No,No ,No,No,No,No,No,No,No,No,Yes,No,No,"Yes, Mi ab 20:00",Yes,,http://www.systemfehler-berlin.de.vu/,No,No,No,No,No,No ,No,No,No,No,No,"Mo 15-18 Uhr, Dienstag 15-19 Uhr, Mittwoch 11-19 Uhr, Donnerstag 16-19 Uhr",No,,,,,,,,,2013-02-11 19:11:31+00,2013-03-11 16:45:30.817154+00,1,13.47152,52.51065,0101000020E6100000E1D1C6116BF12A40E8D9ACFA5C414A40,143,0101000020110F0000C0EC21BFFAE13641F052585C6F4B5A41,,192
Tante Horst,"Oranienstr. 45, 10969 Berlin",No,,No,No,No,No,No,No,No,No,No,No,So 12:00-16:00 vegan vegetarisches Frühstücksbuffet,No,No,No,No,No,No,No,No,No,No,No,"Yes, Do 19:00",No,,http://www.tantehorst.de/,No,No,No,No,No,Yes,No,No,No,No,No,Di-Fr 12:30 bis open end Sa+So 12:00 bis open end,No,,,,,,,,,2013-02-11 19:11:31+00,2013-03-11 16:45:30.817154+00,1,13.41407,52.50284,0101000020E61000006B82A8FB00D42A40718FA50F5D404A40,144,0101000020110F000006161E71FFC83641107172440A4A5A41,,193
TEK,"Köpenicker Str. 189, 10997 Berlin",No,,No,No,No,No,"Yes, Yoga for women and girls",No,No,Yes,No,No,No ,No,No,No,"Yes, 12+",Yes,No,No,No,No,No,No,Yes,Yes,,http://www.tek36.de/,No,No,No,Yes,No,Yes,No,No,No,No,No,Do-So 17:00-22:00,No,,,,,,,,,2013-02-11 19:11:31+00,2013-03-11 16:45:30.817154+00,1,13.44,52.50191,0101000020E6100000E17A14AE47E12A4087C43D963E404A40,145,0101000020110F00005E8FCDF445D4364151B6E5BFDF495A41,,194
Tempelhoffer Community Garden,,,,,,,,,,,,,,,,,,,,,,,,,,,,,,,,,,,,,,,,,,,,,,,,,http://thepraguenosis.files.wordpress.com/2011/10/park7.jpg,,2013-02-11 19:11:31+00,2013-03-11 16:45:30.817154+00,1,13.37698,52.51607,0101000020E6100000FE7DC68503C12A402E39EE940E424A40,182,0101000020110F00007383199ADEB836419998E336674C5A41,,195
Tempest Library,"Reichenberger Str. 63a, 10999 Berlin",No,,No,No,No,No,No,No,No,No,No,No,No ,No,No,No,No,No,No,No,No,No,Yes,No,No,No,,http://tempestlibrary.com/,No,Yes ,No,No,No,Yes,No,Yes,No,No,No,"Di/Do 16:00-20:00, So 14:00-18:00",No,,,,,,,,,2013-02-11 19:11:31+00,2013-03-11 16:45:30.817154+00,1,13.41919,52.49894,0101000020E6100000D89E5912A0D62A4047551344DD3F4A40,146,0101000020110F000058EDCC6539CB36414B561AF957495A41,,196
Tommy-Weisbecker-Haus,Wilhelmstraße 9  Berlin Kreuzberg,Yes,Besetzt: 3.1973,No,No,No,No,No,No,No,No,No,No,"Yes, Di 18:00 Kiez Cuisine Café",No,No,No,No,No,No,No,No,No,No,No,Yes,Yes,,http://www.tommyhaus.org/,Yes,,No,No,No,No,No,No,No,No,No,"Café: Mo-Do, So ab 18:00, Fr./Sa. ab 16:00",No,No,,,,,,,,2013-02-11 19:11:31+00,2013-03-11 16:45:30.817154+00,1,13.38887,52.50144,0101000020E610000082CAF8F719C72A400074982F2F404A40,20,0101000020110F0000648AD1300ABE364172E23043CA495A41,,197
Ton-Steine Garten (Marrianengarten),,,,,,,,,,,,,,,,,,,,,,,,,,,,,http://gaerten-am-mariannenplatz.blogspot.com/,,,,,,,,,,,,,,,,,,,,http://farm8.staticflickr.com/7112/7488894758_09e502475a_z.jpg,,2013-02-11 19:11:31+00,2013-03-11 16:45:30.817154+00,1,13.37698,52.51607,0101000020E6100000FE7DC68503C12A402E39EE940E424A40,183,0101000020110F00007383199ADEB836419998E336674C5A41,,198
Tristeza,"Pannierstr. 5, 12047 Berlin",No,,No,No,No,No,"Yes, Queer film club",No,No,No,No,No,No ,No,No,No,No,No,No,No,No,"Yes, So 19:30",No,No,Yes,Yes,,http://tristeza.org/,No,No,No,No,No,No ,No,No,No,No,No,Mo - So ab 18 Uhr,No,,Yes,,,,,,,2013-02-11 19:11:31+00,2013-03-11 16:45:30.817154+00,1,13.43096,52.48652,0101000020E6100000B1C403CAA6DC2A40CA6C9049463E4A40,147,0101000020110F000042DBC8A057D03641F52F944720475A41,,199
Tuntenhaus,Kastanienallee 86  Berlin Prenzlauer Berg,Yes,Besetzt: 1990,No,No,No,No,Yes,Yes ,No,No,No,No,Yes **,No,No,No,No,No,No,No,No,No,No,No,No,No,,"http://ka86.de/, http://tuntenhaus-berlin.de/",,,,,,,,,,,,,,,,,,,,,,2013-02-11 19:11:31+00,2013-03-11 16:45:30.817154+00,1,13.40905,52.53765,0101000020E61000008CDB68006FD12A40E25817B7D1444A40,35,0101000020110F0000EFA8369ED0C63641DE2E0A5C42505A41,,200
Turm (Neukölln),"Werbellinstr. 50, 12053 Berlin",Yes,,No,No,No,No,No,No,No,No,No,No,No ,No,No,No,No,No,No,No,No,No,No,No,No,No,,No ,No,No,No,No,No,No ,No,No,No,No,No,,No,,,,,,,,,2013-02-11 19:11:31+00,2013-03-11 16:45:30.817154+00,1,13.43018,52.47882,0101000020E61000005CC98E8D40DC2A40DA5548F9493D4A40,148,0101000020110F0000733882CC00D036412A608F68C0455A41,,201
UBI KLiZ e.V. Mieterladen,"Kreutzigerstr. 23, 10247 Berlin",No,Besetzt: 1990,No,No,No,No,No,No,No,No,No,No,No ,No,No,No,No,No,No,No,No,No,No,No,No,No,,http://www.ubi-mieterladen.de/,No,No,No,No,No,No ,"Yes, especially for tenants rights",No,No,No,No,"Varies, check website",No,No,,,,,,,,2013-02-11 19:11:31+00,2013-03-11 16:45:30.817154+00,1,13.46057,52.5137,0101000020E61000009609BFD4CFEB2A4044FAEDEBC0414A40,149,0101000020110F00004AFF55CC37DD36416654F2D4FA4B5A41,,202
UFA-Fabrik,Viktoriastr. 10-18 12105 Berlin Tempelhof,Yes,Besetzt: 9.6.1979,No,No,No,No,No,Yes ,Yes,Yes,No,No,No,Yes,Yes,No,Yes,No,No,No,No,No,No,No,Yes,No,,http://www.ufafabrik.de/intro.php,,,,Yes,,,,,,,,,,,,Yes,,,,http://img.marcopolo.de/api/content/images/0/1z/en/gr/1b/photo-2390078.jpg,,2013-02-11 19:11:31+00,2013-03-11 16:45:30.817154+00,1,13.38405,52.45466,0101000020E6100000BF0E9C33A2C42A405166834C323A4A40,40,0101000020110F0000B7F178A1F1BB3641BB194EC170415A41,,203
Ula Umsonstladen TU,"Einsteinufer 25  10587 Berlin
",No,,No,No,No,No,No,No,No,No,Yes,No,No ,No,No,No,No,No,No,No,No,No,No,No,No,No,,No ,http://www.youtube.com/embed/lwgmpcG-ink,No,No,No,No,No ,No,No,No,No,No,"Di: 16-19 Uhr, Mi: 17-19 Uhr, Do: 15-18Uhr",No,No,,,,,,,,2013-02-11 19:11:31+00,2013-03-11 16:45:30.817154+00,1,13.32583,52.51537,0101000020E6100000821C9430D3A62A4075ABE7A4F7414A40,176,0101000020110F0000ACCF289CA0A2364123AEBA33474C5A41,,204
Umbruch,"Lausitzerstr. 10, 10999 Berlin",No,,No,No,No,No,No,No,No,No,No,No,No ,No,No,No,No,No,No,No,No,No,Yes,No,No,No,,http://www.umbruch-bildarchiv.de/,No,No,No,No,No,Yes,No,No,No,No,No,Mo-Fri 11:00 – 17:00 Uhr,No,,,,,,,,,2013-02-11 19:11:31+00,2013-03-11 16:45:30.817154+00,1,13.42863,52.49737,0101000020E6100000412B306475DB2A407901F6D1A93F4A40,150,0101000020110F0000484AEF4054CF36413DBFDF3310495A41,,205
Umsonst-​Laden Kreuzkirche (ULK),"Zeppelinstr. 11, Eingang Pirmasenser Str. 13583 Berlin",No,,No,No,No,No,No,,No,No,"Yes, Donnerstags, 16 – 19 Uhr, Mi 17 – 20 Uhr",No,No ,No,No,No,No,No,No,No,No,No,No,No,No,No,,No ,No,No,No,No,No,Yes,No,No,No,No,No,,,,,,,,,,,2013-02-11 19:11:31+00,2013-03-11 16:45:30.817154+00,1,13.185,52.54942,0101000020E61000001F85EB51B85E2A4058E2016553464A40,170,0101000020110F0000EBA8717C63653641828519F75C525A41,,206
Vetomat,"Scharnweberstr. 35, 10247 Berlin",Yes,,No,"Yes, Montag 19.00 Nerd Cafe w Vokü",No,No,No,Yes ,No,"Yes, So 15:00 Siebdruckworkshop",No,No,"Yes, Mi 20:00 vegi/vegane Vokü,  Do 20:00 freies Kino und Vokü, jeden 1.+3. Sa im Monat 12:00-16:00 vegi/veganer kalt/warmer Brunch",No,No,No,No,Yes,No,No,No,"Yes, Mo 20:00 Kino, Do 20:00 freies Kino und Vokü",No,No,Yes (?),No,,http://wp.vetomat.net/,http://wp.vetomat.net/,"Yes, jeden 3. Do im Monat 20:00 Antifa-Tresen, Letze Fri im Monat,  Politsalon",No,No,No,No ,No,No,No,No,No,,No,,,,,,,,,2013-02-11 19:11:31+00,2013-03-11 16:45:30.817154+00,1,13.46308,52.51297,0101000020E610000005DD5ED218ED2A4021EA3E00A9414A40,214,0101000020110F0000D5B5C9354FDE3641E68C0773D94B5A41,,207
Villa Felix,Schreinerstr. 47  Berlin Friedrichshain,Yes,Besetzt: 29.12.1989,No,No,No,No,No,No,No,No,No,No,No ,No,No,No,No,No,No,No,No,No,No,No,No,No,Gekauft,http://www.utb-berlin.de/beratung-bauherrengruppe-villa-felix/,No,No,No,No,No,No ,No,No,No,No,No,,No,,,,,,,,,2013-02-11 19:11:31+00,2013-03-11 16:45:30.817154+00,1,13.46731,52.51714,0101000020E610000001309E4143EF2A400ABABDA431424A40,167,0101000020110F0000B728701726E03641874D0726984C5A41,,208
Villa Kunterbunt,Görlitzer Str. 36  10997 Berlin Kreuzberg,Yes (nonresidential),Besetzt: 21.11.1980,No,No,No,No,No,Yes ,No,"Yes, 2. + 4. So im monat 16:00: Schlagzeug-/Gitarren-/Bass-Workshop",No,No,"Yes, freitags 21:00",No,No,No,Yes (?),No,No,No,No,"Yes, 1 Fri im Monat",No,No,No,"Yes, 1. Fr im Monat, 20:00: Akustik-Session",,,No,No,No,Yes,No,Yes,No,No,No,No,,,,,,,,,,,,2013-02-11 19:11:31+00,2013-03-11 16:45:30.817154+00,1,13.44376,52.49567,0101000020E6100000C18BBE8234E32A40DDCD531D723F4A40,133,0101000020110F00007CF57D84E8D53641E1E5087EC2485A41,,209
Villa Kuriosum,"Scheffelstr. 21, 10367 Berlin",No,,No,No,No,No,No,"Yes, Artist studios, gallery",No,No,No,No,"Yes, Do 20:00 Minibar mit Vokü, So 14:00-20:00 Kaffee und Kuchen im Garten",No,"Yes, garden",Yes,No,No,No,No,No,No,No,No,Yes,Yes,,http://villakuriosum.net/,No,"Yes, jeden 2. Di im Monat: Scharni 29 Soli-Tresen mit Vokü",No,No,No,Yes,No,No,No,No,"Yes, jeden 2. Di im Monat: Scharni 29 Soli-Tresen mit Vokü",,No,,,,,,,,,2013-02-11 19:11:31+00,2013-03-11 16:45:30.817154+00,1,13.47325,52.52018,0101000020E6100000FCA9F1D24DF22A4043041C4295424A40,215,0101000020110F00007D004F54BBE236411889D12E234D5A41,,210
Villa Piccobello Alt Moabit 4,Alt Moabit 4  Berlin Moabit 10557,Yes,Besetzt: 28.2.1981,No,No,No,No,No,No,No,No,No,No,No,No,No,No,No,No,No,No,No,No,No,No,No,No,,http://tommyhaus.org/,http://tommyhaus.org/video,,,,,,,,,,,,,,,,,,,,,2013-02-11 19:11:31+00,2013-03-11 16:45:30.817154+00,1,13.33978,52.52574,0101000020E610000075ABE7A4F7AD2A407A19C5724B434A40,173,0101000020110F00003E2F5384B1A836414CB7877E214E5A41,,211
Villa Trotz,Kohlfurterstr. 46  10999 Berlin Kreuzberg,Yes,Besetzt: 21.3.1981,No,No,No,No,No,No,No,No,No,No,No,No,No,No,No,No,No,No,No,No,No,No,No,No,,,No,No,No,No,No,Yes,No,No,No,,,,,,,,,,,,,2013-02-11 19:11:31+00,2013-03-11 16:45:30.817154+00,1,13.41855,52.49654,0101000020E61000004A7B832F4CD62A40F3936A9F8E3F4A40,87,0101000020110F000069123727F2CA36414D49E742EA485A41,,212
Wagenburg Lohmühle,"Lohmühlenstr. 17, 12435 Berlin",No,,No,No,No,No,No,"Yes, space, organizational/promotional support",No,No,Yes,No,"Yes, So ab 15:00 Uhr Café",No,"Yes, garden, permaculture",Yes,Yes ,No,No,No,No,"Yes, Fr Open Air Kino",No,No,Yes,Yes,,http://www.lohmuehle-berlin.de/blubb/,http://www.lohmuehle-berlin.de/blubb/galerie/,No,No,No,No,Yes,No,No,No,No,No,,No,No,,Yes,,,,"http://upcyclehandbook.files.wordpress.com/2010/08/re.jpg, http://farm5.staticflickr.com/4149/4945626565_a82be329d5_z.jpg,  http://www.lohmuehle-berlin.de/blubb/wp-content/uploads/2012/08/Sommerfest-Lohm%C3%BChle00011.jpg, ",,2013-02-11 19:11:31+00,2013-03-11 16:45:30.817154+00,1,13.44412,52.49292,0101000020E6100000C1FF56B263E32A40ACC5A700183F4A40,217,0101000020110F00009F40B29710D636415BD973CA44485A41,,213
Waldemarstr. 40,Waldemarstr. 40  10999 Berlin Kreuzberg,Yes,Besetzt: 8.1.1981,No,No,No,No,No,No,No,No,No,No,No,No,No,No,No,No,No,No,No,No,No,No,No,No,,,No,No,No,No,No,Yes,No,No,No,,,,,,,,,,,,,2013-02-11 19:11:31+00,2013-03-11 16:45:30.817154+00,1,13.41968,52.50339,0101000020E61000001092054CE0D62A40159161156F404A40,52,0101000020110F0000E8A8B7F16FCB36412E9AA769234A5A41,,214
Waldemarstr. 52,Waldemarstr. 52  10999 Berlin Kreuzberg,Yes,Besetzt: 21.11.1980,No,No,No,No,No,No,No,No,No,No,No,No,No,No,No,No,No,No,No,No,No,No,No,No,06.04.1982 Mietvertrag/Nutzungsvertrag,,No,No,No,No,No,Yes,No,No,No,,,,,,,,,,,,,2013-02-11 19:11:31+00,2013-03-11 16:45:30.817154+00,1,13.42067,52.50324,0101000020E61000000FD1E80E62D72A40FF04172B6A404A40,1,0101000020110F000093778726DECB36413B6C0B8E1C4A5A41,,215
WB13,"Am Berl 13, 13051 Berlin",No,,No,No,No,No,No,"Yes, 3 Rehearsal studios",No,No,No,No,No ,No,"Yes, garden",No,No,No,No,No,No,No,No,No,No,No,,http://wb13.org/,No,No,No,Yes,No,No ,No,No,No,No,No,"jeden Mittwoch 21:00-24:00, jeden Sonntag 15:00-24:00",No,,,,,,,,,2013-02-11 19:11:31+00,2013-03-11 16:45:30.817154+00,1,13.49974,52.57412,0101000020E61000008E01D9EBDDFF2A4061FD9FC37C494A40,216,0101000020110F00005699C12E40EE3641F064A6BAC7565A41,,216
Winterfeldtstr. 25,Winterfeldtstr. 25  Berlin Schöneberg 10781 ,Yes,Besetzt: 22.2.1981,No,No,No,No,No,No,No,No,No,No,No,No,No,No,No,No,No,No,No,No,No,No,No,No,01.01.1982 Mietvertrag/Nutzungsvertrag BA Kreuzberg,,,,,,,,,,,,,,,,,,,,,,,2013-02-11 19:11:31+00,2013-03-11 16:45:30.817154+00,1,13.35704,52.49653,0101000020E610000049BA66F2CDB62A40CFBD874B8E3F4A40,189,0101000020110F000003972CE432B03641A37EE1CDE9485A41,,217
XB Liebig ,"Liebigstr. 34, 10247 Berlin",Yes ,,No,No,No,No,"Yes, Women/TransQueer space, 2. Do im Monat Queer-o-matik",No,No,"Yes (stencil,Mo 17:00, soldering,Di 15:00, textile street art, Mo 17:00 )",No,No,No,"Yes, (football, Mi 18:00uhr)",No,No,No,No,No,No,No,"Yes, So 20:00 Filmabend",No,No,Yes,"Yes, Mi 15:00 Jazz-Café, Mi 22:00 Jam Session",,,No,"Yes, Di 21:00 ABC-Solitresen, 3. Do im Monat BerTa-Solitresen",No,No,No,No,No,No,"Yes, (German)",No,"Yes, Di 21:00 ABC-Solitresen, 3. Do im Monat BerTa-Solitresen, Soliparties,",,,,,,,,,,,2013-02-11 19:11:31+00,2013-03-11 16:45:30.817154+00,1,13.45707,52.51804,0101000020E610000027F73B1405EA2A408A027D224F424A40,156,0101000020110F0000207A122EB2DB3641FB6C1C4FC14C5A41,,218
ZGK,"Scharnweberstr. 38, 10247 Berlin",Yes (?),,No,No,No,No,No,No,No,No,No,No,No ,No,No,No,No,No,No,No,No,No,No,No,No,No,,No ,No,No,No,No,No,No ,No,No,No,No,No,,No,,,,,,,,,2013-02-11 19:11:31+00,2013-03-11 16:45:30.817154+00,1,13.46412,52.51286,0101000020E6100000CBD6FA22A1ED2A409AB67F65A5414A40,159,0101000020110F000098397DFBC2DE3641AA054D6BD44B5A41,,219
Zielona Gora,"Grünbergerstr. 73, 10245 Berlin",Yes,,,,No,No,"Yes, 2. Mi im Monat, 20:00 FrauenLesbenTrans*-Abend;",No,No,"Yes, jeden Di 16:30 Corax - Der offene Lernraum",No,No,"Yes, Do 20:00 various themes: (Samahuset im Exile, NoBorders, Metal),  jeden 2. Sa 12:15 Solibrunch (vegan/veget.), Sonntag: jeden So 19:00 vegane Vokü","Yes, jeden Mi 11:00-13:00 naturopathic health advice",No,No,No,No,No,No,No,"Yes, Di 21:05 ",No,No,No,No,,No ,No,"Yes,  jeden Do 14:00 Literatur und Lesecafé; 18:00 politisches Café
jeden ","Yes,jeden 1. und 3. Mo 20:30 Internationalistischer Abend, 4. Mi 20:00 Nomads-Tresen, Do 20:00 NoBorders-Tresen + vegane Pizza, 2. Fr 20:30 ARAB-Tresen",No,No,Yes,No,No,No,No,"Yes, 3. Fr 20:00 Solitresen ABC Polen, Fr 22:00 Freitagabend Solispieleabend, jeden 2. Sa 12:15 Solibrunch (Vegan/Vegatarisch),  2. Sa 20:00 FAU Solitresen, 3. Sa 22:00 Kiez-/Soliparty;  4. Sa 19:00 Soligruppe Petrogo, 2. So 19:00 vegane Solivokü",,No,,,,,,,http://farm2.staticflickr.com/1299/1093147555_96c94bbc6b_z.jpg,,2013-02-11 19:11:31+00,2013-03-11 16:45:30.817154+00,1,13.45958,52.51145,0101000020E610000097CADB114EEB2A4005C58F3177414A40,218,0101000020110F0000AB308697C9DC3641CA253FF1934B5A41,,220
Zwille,"Fasanenstr. 1, 10623 Berlin (Z-Gebäude, 3. Obergeschoss)",No,2009,No,No,No,No,No,No,No,No,No,Yes,Yes,No,No,No,No,No,No,No,No,No,No,No,No,No,,http://www.zwille.org/termine,No,Yes ,No,No,No,Yes,No,No,No,No,No,,No,,,,,,,,,2013-02-11 19:11:31+00,2013-03-11 16:45:30.817154+00,1,13.22024,52.57069,0101000020E6100000C68A1A4CC3702A40BE13B35E0C494A40,160,0101000020110F0000B90E8D62B6743641AFD779AA2A565A41,,221
